Date,Minimum Variance,Risk Parity,Momentum,Momentum (Regime-Scaled),Equal Weight,Buy & Hold SPY
2015-01-02,,,1.00000000,1.00000000,1.00000000,
2015-01-05,1.00281722,0.99838441,1.00000000,1.00000000,0.99139803,0.98194100
2015-01-06,1.00934829,1.00021890,1.00000000,1.00000000,0.98768156,0.97269182
2015-01-07,1.01166231,1.00568502,1.00000000,1.00000000,0.99650601,0.98481268
2015-01-08,1.01111131,1.00959984,1.00000000,1.00000000,1.00603847,1.00228808
2015-01-09,1.01565375,1.01171356,1.00000000,1.00000000,1.00460117,0.99425637
2015-01-12,1.01817560,1.01227587,1.00000000,1.00000000,1.00241044,0.98646771
2015-01-13,1.01719932,1.01279527,1.00000000,1.00000000,1.00356425,0.98369314
2015-01-14,1.01825336,1.01228504,1.00000000,1.00000000,1.00098001,0.97775411
2015-01-15,1.02867375,1.01890691,1.00000000,1.00000000,1.00249363,0.96879753
2015-01-16,1.03075693,1.02413068,1.00000000,1.00000000,1.01149887,0.98150271
2015-01-20,1.04051973,1.03168367,1.00000000,1.00000000,1.01652830,0.98359558
2015-01-21,1.03761306,1.03210897,1.00000000,1.00000000,1.02024532,0.98856066
2015-01-22,1.04222517,1.04045651,1.00000000,1.00000000,1.03205805,1.00326213
2015-01-23,1.04459545,1.04124126,1.00000000,1.00000000,1.03040146,0.99776128
2015-01-26,1.04308674,1.04113826,1.00000000,1.00000000,1.03216757,1.00009739
2015-01-27,1.04281540,1.03895387,1.00000000,1.00000000,1.02703376,0.98690590
2015-01-28,1.04332968,1.03590083,1.00000000,1.00000000,1.01938836,0.97424955
2015-01-29,1.03960556,1.03465453,1.00000000,1.00000000,1.02204022,0.98325513
2015-01-30,1.04731366,1.03545259,1.00000000,1.00000000,1.01540172,0.97089066
2015-02-02,1.04844567,1.03910042,1.00000000,1.00000000,1.02238750,0.98291432
2015-02-03,1.04212219,1.03858649,1.00000000,1.00000000,1.02888301,0.99712805
2015-02-04,1.04195481,1.03759019,1.00000000,1.00000000,1.02660491,0.99333124
2015-02-05,1.04161844,1.04008799,1.00000000,1.00000000,1.03278669,1.00335888
2015-02-06,1.02603025,1.02529645,1.00000000,1.00000000,1.02054056,1.00058468
2015-02-09,1.02459632,1.02336097,1.00000000,1.00000000,1.01776350,0.99610608
2015-02-10,1.02364288,1.02398059,1.00000000,1.00000000,1.02146130,1.00671804
2015-02-11,1.02152357,1.02116739,1.00000000,1.00000000,1.01855791,1.00730200
2015-02-12,1.02471800,1.02787635,1.00000000,1.00000000,1.02852754,1.01698910
2015-02-13,1.02316819,1.02961084,1.00000000,1.00000000,1.03321630,1.02117545
2015-02-17,1.01364348,1.02239111,1.00000000,1.00000000,1.02938157,1.02278210
2015-02-18,1.01744066,1.02566544,1.00000000,1.00000000,1.03188761,1.02287913
2015-02-19,1.01375748,1.02310956,1.00000000,1.00000000,1.03060730,1.02214887
2015-02-20,1.01634508,1.02625730,1.00000000,1.00000000,1.03482191,1.02828268
2015-02-23,1.02121678,1.02875551,1.00000000,1.00000000,1.03496891,1.02813619
2015-02-24,1.02801887,1.03518014,1.00000000,1.00000000,1.04045690,1.03105733
2015-02-25,1.03059075,1.03692105,1.00000000,1.00000000,1.04116281,1.03018113
2015-02-26,1.02465672,1.03374503,1.00000000,1.00000000,1.04035613,1.02896420
2015-02-27,1.02763509,1.03510083,1.00000000,1.00000000,1.03971069,1.02545892
2015-03-02,1.02041824,1.03092871,1.00000000,1.00000000,1.03969870,1.03193300
2015-03-03,1.01672808,1.02646800,1.00000000,1.00000000,1.03466732,1.02769863
2015-03-04,1.01466842,1.02323566,1.00000000,1.00000000,1.03039820,1.02336570
2015-03-05,1.01443883,1.02336937,1.00000000,1.00000000,1.03104423,1.02448551
2015-03-06,0.99390785,1.00430551,1.00000000,1.00000000,1.01391192,1.01007683
2015-03-09,0.99927868,1.00821375,1.00000000,1.00000000,1.01671677,1.01426318
2015-03-10,0.99746788,1.00181170,1.00000000,1.00000000,1.00480072,0.99780966
2015-03-11,0.99894926,1.00364901,1.00000000,1.00000000,1.00615792,0.99547338
2015-03-12,1.00315832,1.00907498,1.00000000,1.00000000,1.01385930,1.00812991
2015-03-13,0.99995018,1.00511068,1.00000000,1.00000000,1.00898804,1.00194737
2015-03-16,1.00856391,1.01363626,1.00000000,1.00000000,1.01827115,1.01533416
2015-03-17,1.00995255,1.01600688,1.00000000,1.00000000,1.02020159,1.01231627
2015-03-18,1.02777302,1.03360122,1.00000000,1.00000000,1.03690470,1.02448551
2015-03-19,1.02296534,1.02860238,1.00000000,1.00000000,1.03163399,1.01981267
2015-03-20,1.03232181,1.03904929,1.00000000,1.00000000,1.04310383,1.02881412
2015-03-23,1.03313729,1.04031761,1.00000000,1.00000000,1.04435352,1.02680947
2015-03-24,1.03619720,1.04289589,1.00000000,1.00000000,1.04502773,1.02103994
2015-03-25,1.02827212,1.03206209,1.00000000,1.00000000,1.03173519,1.00607752
2015-03-26,1.02130555,1.02586673,1.00000000,1.00000000,1.02671149,1.00368198
2015-03-27,1.02683811,1.03080553,1.00000000,1.00000000,1.03065326,1.00598004
2015-03-30,1.02556863,1.03292825,1.00000000,1.00000000,1.03665499,1.01825279
2015-03-31,1.02241965,1.02900688,1.00000000,1.00000000,1.03089254,1.00935367
2015-04-01,1.03159920,1.03756037,1.00000000,1.00000000,1.03700262,1.00578428
2015-04-02,1.02817514,1.03697019,1.00000000,1.00000000,1.03943612,1.00940241
2015-04-06,1.03120889,1.04217007,1.00000000,1.00000000,1.04670466,1.01619886
2015-04-07,1.03297238,1.04200329,1.00000000,1.00000000,1.04465393,1.01350963
2015-04-08,1.03326068,1.04566007,1.00000000,1.00000000,1.05060880,1.01693218
2015-04-09,1.02736738,1.04221873,1.00000000,1.00000000,1.05038205,1.02143110
2015-04-10,1.03213993,1.04673450,1.00000000,1.00000000,1.05485783,1.02700514
2015-04-13,1.02932729,1.04367233,1.00000000,1.00000000,1.05119151,1.02236001
2015-04-14,1.03240227,1.04593738,1.00000000,1.00000000,1.05294829,1.02431583
2015-04-15,1.03558828,1.05047995,1.00000000,1.00000000,1.05852575,1.02891196
2015-04-16,1.03282370,1.04914426,1.00000000,1.00000000,1.05851285,1.02861827
2015-04-17,1.03456087,1.04589200,1.00000000,1.00000000,1.04990076,1.01678570
2015-04-20,1.03160066,1.04519927,1.00000000,1.00000000,1.05254477,1.02607606
2015-04-21,1.03142684,1.04677025,1.00000000,1.00000000,1.05526146,1.02485356
2015-04-22,1.02330965,1.04195915,1.00000000,1.00000000,1.05463737,1.02989023
2015-04-23,1.02781921,1.04703613,1.00000000,1.00000000,1.05969133,1.03248171
2015-04-24,1.02874132,1.04853861,1.00000000,1.00000000,1.06184729,1.03487716
2015-04-27,1.03246864,1.05168304,1.00000000,1.00000000,1.06354728,1.03057445
2015-04-28,1.02924418,1.05014301,1.00000000,1.00000000,1.06421240,1.03385042
2015-04-29,1.02032707,1.04041308,1.00000000,1.00000000,1.05482755,1.02959654
2015-04-30,1.01354829,1.02988758,1.00000000,1.00000000,1.04148483,1.01927934
2015-05-01,1.01098060,1.03019856,1.00000000,1.00000000,1.04607396,1.03032977
2015-05-04,1.00947380,1.03037101,1.00000000,1.00000000,1.04793359,1.03326359
2015-05-05,1.00495002,1.02349533,1.00000000,1.00000000,1.03823440,1.02143110
2015-05-06,0.99663745,1.01646258,1.00000000,1.00000000,1.03305020,1.01722596
2015-05-07,1.00137127,1.01980707,1.00000000,1.00000000,1.03515573,1.02128435
2015-05-08,1.00929638,1.02897404,1.00000000,1.00000000,1.04647860,1.03473068
2015-05-11,0.99583876,1.01792694,1.00000000,1.00000000,1.03832558,1.02979212
2015-05-12,0.99788920,1.01901098,1.00000000,1.00000000,1.03801925,1.02671182
2015-05-13,0.99900432,1.02131347,1.00000000,1.00000000,1.04120364,1.02690722
2015-05-14,1.00521276,1.02919659,1.00000000,1.00000000,1.05097137,1.03761576
2015-05-15,1.01487119,1.03683275,1.00000000,1.00000000,1.05575584,1.03873997
2015-05-18,1.00806542,1.03212290,1.00000000,1.00000000,1.05400440,1.04196694
2015-05-19,1.00083688,1.02613375,1.00000000,1.00000000,1.04983535,1.04162505
2015-05-20,1.00190612,1.02727898,1.00000000,1.00000000,1.05078234,1.04089155
2015-05-21,1.00848302,1.03189567,1.00000000,1.00000000,1.05369179,1.04392312
2015-05-22,1.00722684,1.03063975,1.00000000,1.00000000,1.05200405,1.04142911
2015-05-26,1.00687745,1.02600847,1.00000000,1.00000000,1.04250919,1.03023202
2015-05-27,1.01130716,1.03168298,1.00000000,1.00000000,1.04994795,1.04001139
2015-05-28,1.01001499,1.02919996,1.00000000,1.00000000,1.04688512,1.03883790
2015-05-29,1.00850641,1.02601825,1.00000000,1.00000000,1.04171366,1.03238324
2015-06-01,1.00395817,1.02273241,1.00000000,1.00000000,1.04027482,1.03448609
2015-06-02,0.99901128,1.01998014,1.00000000,1.00000000,1.03974309,1.03345917
2015-06-03,0.99187445,1.01542542,1.00000000,1.00000000,1.03867376,1.03619750
2015-06-04,0.99267968,1.01259279,1.00000000,1.00000000,1.03185210,1.02744514
2015-06-05,0.98479224,1.00635915,1.00000000,1.00000000,1.02732434,1.02568499
2015-06-08,0.98320484,1.00430704,1.00000000,1.00000000,1.02428400,1.01937718
2015-06-09,0.97976720,1.00068846,1.00000000,1.00000000,1.02106093,1.01923052
2015-06-10,0.98296723,1.00735431,1.00000000,1.00000000,1.03177881,1.03145416
2015-06-11,0.99196696,1.01335540,1.00000000,1.00000000,1.03494051,1.03477959
2015-06-12,0.98913670,1.01043162,1.00000000,1.00000000,1.03093693,1.02685839
2015-06-15,0.98903353,1.00869456,1.00000000,1.00000000,1.02745731,1.02245748
2015-06-16,0.99300914,1.01217064,1.00000000,1.00000000,1.03071706,1.02803206
2015-06-17,0.99090527,1.01137450,1.00000000,1.00000000,1.03124302,1.02969419
2015-06-18,0.99510615,1.01817621,1.00000000,1.00000000,1.04075912,1.04040246
2015-06-19,0.99881070,1.01955628,1.00000000,1.00000000,1.03929900,1.03578376
2015-06-22,0.99058749,1.01650800,1.00000000,1.00000000,1.04219630,1.04109019
2015-06-23,0.98711319,1.01507269,1.00000000,1.00000000,1.04272260,1.04182747
2015-06-24,0.98748196,1.01332432,1.00000000,1.00000000,1.03817180,1.03426101
2015-06-25,0.98488874,1.01103168,1.00000000,1.00000000,1.03605107,1.03111641
2015-06-26,0.98027914,1.00597305,1.00000000,1.00000000,1.03166696,1.03091993
2015-06-29,0.98394404,1.00199134,1.00000000,1.00000000,1.01812965,1.00930107
2015-06-30,0.97994018,1.00080008,1.00000000,1.00000000,1.01935798,1.01141353
2015-07-01,0.97625719,0.99873620,1.00000000,1.00000000,1.02047195,1.01952079
2015-07-02,0.97711005,0.99917305,1.00000000,1.00000000,1.02037706,1.01858721
2015-07-06,0.98275049,0.99958690,1.00000000,1.00000000,1.01566415,1.01568828
2015-07-07,0.98596552,0.99982050,1.00000000,1.00000000,1.01465455,1.02207585
2015-07-08,0.98361546,0.99195481,1.00000000,1.00000000,1.00081105,1.00492822
2015-07-09,0.97788157,0.99083669,1.00000000,1.00000000,1.00415261,1.00674591
2015-07-10,0.97787005,0.99669268,1.00000000,1.00000000,1.01637044,1.01942250
2015-07-13,0.97885570,0.99996007,1.00000000,1.00000000,1.02258228,1.03067417
2015-07-14,0.98168977,1.00328087,1.00000000,1.00000000,1.02662812,1.03514522
2015-07-15,0.98461960,1.00347323,1.00000000,1.00000000,1.02454124,1.03480144
2015-07-16,0.98969416,1.00986518,1.00000000,1.00000000,1.03223461,1.04310473
2015-07-17,0.98983513,1.01022952,1.00000000,1.00000000,1.03272351,1.04398930
2015-07-20,0.98278593,1.00331315,1.00000000,1.00000000,1.02731417,1.04452956
2015-07-21,0.98311347,1.00306727,1.00000000,1.00000000,1.02590037,1.04040255
2015-07-22,0.98341146,1.00070814,1.00000000,1.00000000,1.02142336,1.03853522
2015-07-23,0.98601260,1.00027694,1.00000000,1.00000000,1.01780483,1.03268835
2015-07-24,0.98532609,0.99658326,1.00000000,1.00000000,1.01062521,1.02197729
2015-07-27,0.98439766,0.99240687,1.00000000,1.00000000,1.00370283,1.01603187
2015-07-28,0.98604814,0.99595335,1.00000000,1.00000000,1.01036630,1.02851234
2015-07-29,0.98691268,0.99787785,1.00000000,1.00000000,1.01390989,1.03558728
2015-07-30,0.98837741,0.99822951,1.00000000,1.00000000,1.01336749,1.03583313
2015-07-31,0.99299710,1.00358748,1.00000000,1.00000000,1.01819164,1.03426101
2015-08-03,0.99467900,1.00214281,0.99592952,0.99592952,1.01409409,1.03077228
2015-08-04,0.99128692,0.99997641,0.99477487,0.99477487,1.01296615,1.02875783
2015-08-05,0.98871578,0.99900106,0.99983923,0.99983923,1.01407936,1.03214791
2015-08-06,0.99085385,0.99744720,0.98861548,0.98861548,1.00867672,1.02369734
2015-08-07,0.99625287,1.00056779,0.98537536,0.98537536,1.00915297,1.02173172
2015-08-10,0.99762015,1.00545410,0.99692415,0.99692415,1.01814938,1.03460496
2015-08-11,1.00160263,1.00420610,0.98473375,0.98473375,1.01136194,1.02526910
2015-08-12,1.00183711,1.00318463,0.98289353,0.98289353,1.00972215,1.02649762
2015-08-13,0.99832433,0.99980941,0.98106284,0.98106284,1.00683663,1.02522009
2015-08-14,1.00041915,1.00197251,0.98418396,0.98418396,1.00925983,1.02895449
2015-08-17,1.00419610,1.00494458,0.98976167,0.98976167,1.01196322,1.03470307
2015-08-18,0.99926899,0.99906813,0.98296383,0.98296383,1.00583765,1.03170567
2015-08-19,1.00336887,0.99983141,0.97451793,0.97451793,1.00257118,1.02354995
2015-08-20,1.00347483,0.99446340,0.94944862,0.94944862,0.99021441,1.00217667
2015-08-21,0.99587418,0.98238290,0.92469280,0.92469280,0.97184750,0.97200849
2015-08-24,0.98017463,0.96135284,0.89015373,0.89015373,0.94358860,0.93108034
2015-08-25,0.96874823,0.95442816,0.88957803,0.88957803,0.93962608,0.92012380
2015-08-26,0.97002168,0.96310846,0.91906092,0.91906092,0.95814605,0.95545057
2015-08-27,0.97786576,0.97548523,0.93603701,0.93603701,0.97532807,0.97908397
2015-08-28,0.98082305,0.97751482,0.93859356,0.93859356,0.97635089,0.97913280
2015-08-31,0.97502017,0.97245445,0.93124626,0.93124626,0.97127863,0.97122212
2015-09-01,0.96786426,0.95899790,0.91457883,0.91457883,0.95028820,0.94223382
2015-09-02,0.96947342,0.96479074,0.92602999,0.92602999,0.96121900,0.96011819
2015-09-03,0.97044168,0.96500454,0.92553260,0.92553260,0.96097781,0.96080637
2015-09-04,0.96751989,0.95826231,0.92234638,0.92234638,0.94979075,0.94626236
2015-09-08,0.97066253,0.96763417,0.93350520,0.93350520,0.96644959,0.97004314
2015-09-09,0.96620620,0.96217175,0.92791828,0.92791828,0.95907308,0.95707188
2015-09-10,0.96590545,0.96435178,0.93060450,0.93060450,0.96364812,0.96228020
2015-09-11,0.96923190,0.96755168,0.93573367,0.93573367,0.96677901,0.96665306
2015-09-14,0.96832932,0.96601914,0.93384119,0.93384119,0.96425469,0.96306631
2015-09-15,0.96361203,0.96508824,0.93504536,0.93504536,0.96834777,0.97510399
2015-09-16,0.96840314,0.97266363,0.93831374,0.93831374,0.97832181,0.98355484
2015-09-17,0.97502100,0.97801055,0.94331778,0.94331778,0.98142228,0.98134391
2015-09-18,0.97636051,0.97487149,0.93934202,0.93934202,0.97228076,0.96530718
2015-09-21,0.96955573,0.96947192,0.93465142,0.93465142,0.96973570,0.97029574
2015-09-22,0.96835375,0.96364058,0.92960514,0.92960514,0.95886575,0.95770152
2015-09-23,0.96827790,0.96194685,0.92889191,0.92889191,0.95604272,0.95617031
2015-09-24,0.97418405,0.96612330,0.92935404,0.92935404,0.95764865,0.95271296
2015-09-25,0.97008887,0.96129600,0.91997216,0.91997216,0.95353405,0.95246649
2015-09-28,0.96631775,0.95187129,0.90790308,0.90790308,0.93744995,0.92856188
2015-09-29,0.96667840,0.95118573,0.90503418,0.90503418,0.93615861,0.92910510
2015-09-30,0.96969470,0.95854952,0.91561835,0.91561835,0.94836467,0.94644094
2015-10-01,0.97218262,0.96093218,0.91879140,0.91879140,0.95067754,0.94891004
2015-10-02,0.98448632,0.97543967,0.93058464,0.93058464,0.96674193,0.96308483
2015-10-05,0.98488701,0.98088779,0.93633962,0.93633962,0.97803983,0.98022293
2015-10-06,0.98800285,0.98251483,0.93513718,0.93513718,0.97786100,0.97686459
2015-10-07,0.98964540,0.98834835,0.93852484,0.93852484,0.98712575,0.98486520
2015-10-08,0.98816286,0.98909246,0.93997272,0.93997272,0.99095933,0.99375523
2015-10-09,0.99289689,0.99405317,0.94239982,0.94239982,0.99535130,0.99434791
2015-10-12,0.99701327,0.99628948,0.94585205,0.94585205,0.99592168,0.99528643
2015-10-13,0.99588576,0.99210062,0.94236557,0.94236557,0.98899485,0.98901441
2015-10-14,1.00220017,0.99730635,0.94310497,0.94310497,0.99177118,0.98427251
2015-10-15,1.00487291,1.00483714,0.95155571,0.95155571,1.00418842,0.99938592
2015-10-16,1.00464501,1.00436752,0.95442565,0.95442565,1.00428909,1.00392953
2015-10-19,1.00237637,1.00213785,0.95553370,0.95553370,1.00250662,1.00442330
2015-10-20,1.00033533,1.00025262,0.95152770,0.95152770,1.00078856,1.00313938
2015-10-21,1.00103418,0.99734094,0.95077516,0.95077516,0.99485890,0.99691610
2015-10-22,1.00724357,1.00570279,0.96312107,0.96312107,1.00611950,1.01375782
2015-10-23,1.00709883,1.00936319,0.97288521,0.97288521,1.01392555,1.02487020
2015-10-26,1.00881555,1.00904126,0.97444783,0.97444783,1.01169090,1.02235164
2015-10-27,1.00899448,1.00701282,0.97529421,0.97529421,1.00789898,1.02037604
2015-10-28,1.00922138,1.00876660,0.98038695,0.98038695,1.01247399,1.03198237
2015-10-29,0.99944672,0.99917661,0.97448413,0.97448413,1.00452030,1.03138960
2015-10-30,1.00052669,0.99927675,0.97408172,0.97402234,1.00307951,1.02694472
2015-11-02,1.00124562,1.00406271,0.98009825,0.97582719,1.01198129,1.03909454
2015-11-03,0.99534465,1.00120451,0.97950659,0.97565046,1.01218894,1.04210695
2015-11-04,0.99252756,0.99795721,0.97892260,0.97547596,1.00853075,1.03894625
2015-11-05,0.99031955,0.99625101,0.97685513,0.97485790,1.00726232,1.03790899
2015-11-06,0.98049261,0.98796607,0.97213956,0.97344612,1.00143401,1.03736604
2015-11-09,0.97531796,0.98015891,0.96384706,0.97095502,0.99145994,1.02768550
2015-11-10,0.97665100,0.98044002,0.96471830,0.97121832,0.99125511,1.03005631
2015-11-11,0.97455826,0.97861643,0.96237908,0.97051183,0.98953259,1.02600637
2015-11-12,0.97177068,0.97345614,0.95632594,0.96868054,0.98098735,1.01168366
2015-11-13,0.96990104,0.96865872,0.94830875,0.96624431,0.97295047,1.00032399
2015-11-16,0.97490839,0.97565749,0.95737221,0.96901478,0.98278307,1.01553577
2015-11-17,0.97296379,0.97334871,0.95787367,0.96916705,0.98057558,1.01479499
2015-11-18,0.97895725,0.98122305,0.96973471,0.97276731,0.99107398,1.03089565
2015-11-19,0.98428640,0.98622308,0.97183797,0.97340026,0.99495801,1.03000685
2015-11-20,0.98278312,0.98681941,0.97422012,0.97411605,0.99738154,1.03376032
2015-11-23,0.98151376,0.98467812,0.97390929,0.97402282,0.99457785,1.03257532
2015-11-24,0.98321467,0.98715847,0.97403288,0.97405990,0.99737630,1.03395815
2015-11-25,0.98341065,0.98727946,0.97502349,0.97435709,0.99748449,1.03380996
2015-11-27,0.98086435,0.98331184,0.97552955,0.97450880,0.99346412,1.03499505
2015-11-30,0.98274114,0.98464650,0.97464494,0.97424370,0.99349237,1.03069836
2015-12-01,0.99263931,0.99378582,0.98537942,0.97746272,1.00220787,1.04052665
2015-12-02,0.98582852,0.98585398,0.98010943,0.97589442,0.99291228,1.02990812
2015-12-03,0.97245981,0.97409298,0.96111593,0.97022087,0.98230646,1.01548649
2015-12-04,0.98643597,0.98750308,0.97766716,0.97523328,0.99619150,1.03529107
2015-12-07,0.98564325,0.98311017,0.97738321,0.97514831,0.98881730,1.02901905
2015-12-08,0.98302677,0.97957984,0.97538309,0.97454965,0.98375635,1.02210463
2015-12-09,0.97972114,0.97432843,0.96757147,0.97220816,0.97674639,1.01415294
2015-12-10,0.98077573,0.97493304,0.97028532,0.97302622,0.97734710,1.01677068
2015-12-11,0.98166993,0.96941222,0.96166946,0.97043416,0.96470485,0.99706456
2015-12-14,0.97505390,0.96562638,0.96157527,0.97040565,0.96435584,1.00210203
2015-12-15,0.97522715,0.96845753,0.96500326,0.97144348,0.97023898,1.01262182
2015-12-16,0.98250806,0.97850960,0.97380448,0.97410147,0.98334460,1.02743866
2015-12-17,0.97756141,0.97106433,0.96780045,0.97229971,0.97256493,1.01178258
2015-12-18,0.97743066,0.96887641,0.95765499,0.96924193,0.96627405,0.99375729
2015-12-21,0.98213654,0.97465566,0.96375656,0.97109454,0.97317156,1.00195501
2015-12-22,0.98109880,0.97565852,0.96646267,0.97191256,0.97705800,1.01104719
2015-12-23,0.98215089,0.97936827,0.97042087,0.97310671,0.98442796,1.02356731
2015-12-24,0.98546346,0.98181500,0.97168277,0.97348633,0.98551383,1.02187766
2015-12-28,0.98431926,0.97960590,0.97172713,0.97349967,0.98250287,1.01954264
2015-12-29,0.98091097,0.97948089,0.97489757,0.97445253,0.98682057,1.03042338
2015-12-30,0.97650510,0.97307303,0.96934125,0.97278640,0.97887520,1.02311985
2015-12-31,0.97460354,0.96926549,0.96354037,0.97103995,0.97236596,1.01288539
2016-01-04,0.97544433,0.96406995,0.95459158,0.96833441,0.96130766,0.99872571
2016-01-05,0.97462561,0.96369514,0.95329400,0.96793954,0.96152761,1.00041490
2016-01-06,0.97839172,0.96293367,0.95051521,0.96709309,0.95533009,0.98779515
2016-01-07,0.97386799,0.95295809,0.93356110,0.96191815,0.93926313,0.96409673
2016-01-08,0.97085785,0.94764132,0.92898708,0.96050426,0.93132935,0.95351418
2016-01-11,0.96514654,0.94338202,0.92685753,0.95984373,0.92916638,0.95445845
2016-01-12,0.97257759,0.94937344,0.93739024,0.96311599,0.93431365,0.96215917
2016-01-13,0.96980148,0.94173647,0.92190028,0.95834147,0.92059343,0.93816230
2016-01-14,0.96802530,0.94366940,0.93061275,0.96105853,0.92740407,0.95356390
2016-01-15,0.96766503,0.93584379,0.91916140,0.95751073,0.91170199,0.93309461
2016-01-19,0.96739597,0.93628173,0.91928732,0.95755009,0.91299447,0.93433681
2016-01-20,0.96905490,0.93588188,0.91764723,0.95703758,0.90877574,0.92236323
2016-01-21,0.96860827,0.93582838,0.91758755,0.95701891,0.91006654,0.92753010
2016-01-22,0.97411900,0.94710425,0.93155165,0.96138816,0.92685713,0.94655865
2016-01-25,0.97332391,0.94251490,0.92393390,0.95902964,0.91800032,0.93224988
2016-01-26,0.98106291,0.95198749,0.93105408,0.96124683,0.92940062,0.94496873
2016-01-27,0.97830006,0.94694616,0.91987013,0.95778284,0.92198223,0.93468454
2016-01-28,0.97832738,0.94899762,0.92623414,0.95977073,0.92574915,0.93955331
2016-01-29,0.99064784,0.96441624,0.94282477,0.96492814,0.94431908,0.96245699
2016-02-01,0.99129409,0.96419253,0.94562605,0.96578822,0.94356625,0.96210926
2016-02-02,0.99226805,0.95806903,0.94476774,0.96552524,0.93036307,0.94476982
2016-02-03,0.99336330,0.96155090,0.94402489,0.96529749,0.93588862,0.95043378
2016-02-04,0.99848311,0.96650325,0.94932055,0.96692198,0.94005968,0.95192461
2016-02-05,0.99578369,0.95921246,0.94370945,0.96520744,0.92783061,0.93379034
2016-02-08,1.00242057,0.96013170,0.94989871,0.96710652,0.92220350,0.92122059
2016-02-09,1.00129582,0.95658674,0.94855719,0.96669677,0.91741781,0.92127004
2016-02-10,1.00636260,0.96104314,0.95500795,0.96866901,0.92043516,0.92047504
2016-02-11,1.01299484,0.96463434,0.96957006,0.97310013,0.91919777,0.90850156
2016-02-12,1.01179408,0.96774269,0.96722494,0.97239404,0.92802411,0.92723219
2016-02-16,1.00727737,0.96955750,0.96130718,0.97060922,0.93659858,0.94288225
2016-02-17,1.01198011,0.97798714,0.96857643,0.97281110,0.94885862,0.95828359
2016-02-18,1.02087902,0.98298120,0.97671718,0.97526400,0.94957561,0.95435909
2016-02-19,1.01972017,0.98222838,0.97600054,0.97504933,0.94911614,0.95391199
2016-02-22,1.02070023,0.98655785,0.97532562,0.97484705,0.95720652,0.96772359
2016-02-23,1.02065200,0.98285918,0.97616048,0.97509738,0.94943453,0.95550174
2016-02-24,1.02138139,0.98456337,0.97970661,0.97616007,0.95204711,0.95987342
2016-02-25,1.02797500,0.99088846,0.98495353,0.97772844,0.95920244,0.97149980
2016-02-26,1.02136258,0.98573454,0.97911959,0.97599110,0.95561204,0.96926369
2016-02-29,1.02337258,0.98748332,0.98187564,0.97681527,0.95545665,0.96166189
2016-03-01,1.02304574,0.99493866,0.98107847,0.97657735,0.97100321,0.98426793
2016-03-02,1.02841946,1.00120806,0.98642441,0.97817378,0.97756418,0.98868979
2016-03-03,1.03580348,1.00904675,0.99459088,0.98060323,0.98517185,0.99256474
2016-03-04,1.03425047,1.01055978,0.99302192,0.98013916,0.98916455,0.99579431
2016-03-07,1.03528793,1.01167505,0.99483085,0.98067480,0.99021162,0.99658914
2016-03-08,1.03520158,1.00694206,0.99334020,0.98023397,0.98118772,0.98570840
2016-03-09,1.03243498,1.00624336,0.99021744,0.97930950,0.98287825,0.99057763
2016-03-10,1.03416528,1.00721223,0.99442787,0.98055871,0.98330191,0.99137254
2016-03-11,1.03300143,1.01152331,0.99072588,0.97946361,0.99381364,1.00737061
2016-03-14,1.03102610,1.00892643,0.98708017,0.97838233,0.99096495,1.00607860
2016-03-15,1.03021085,1.00515313,0.98710450,0.97838956,0.98536217,1.00443922
2016-03-16,1.03881437,1.01542172,0.99732225,0.98142782,0.99604145,1.01025209
2016-03-17,1.04233967,1.02116203,0.99953699,0.98208166,1.00332267,1.01666106
2016-03-18,1.04357670,1.02306949,1.00062953,0.98240369,1.00582375,1.02065633
2016-03-21,1.03884347,1.01971172,0.99620558,0.98110068,1.00420984,1.02210436
2016-03-22,1.03905778,1.01988529,0.99692633,0.98131363,1.00420337,1.02155538
2016-03-23,1.03630872,1.01274200,0.99097618,0.97955654,0.99390423,1.01481306
2016-03-24,1.03515672,1.01164563,0.99016448,0.97931583,0.99272940,1.01436408
2016-03-28,1.03701565,1.01356164,0.99155865,0.97972950,0.99462544,1.01496332
2016-03-29,1.04933245,1.02812244,1.00420454,0.98347801,1.00977041,1.02435206
2016-03-30,1.04350497,1.02509599,0.99746961,0.98149924,1.01015415,1.02884622
2016-03-31,1.04600852,1.02674878,1.00055464,0.98254380,1.01013635,1.02634916
2016-04-01,1.04663734,1.02706677,1.00472874,0.98398912,1.01083562,1.03334092
2016-04-04,1.04433131,1.02295276,0.99834892,0.98178599,1.00569493,1.02999507
2016-04-05,1.04731157,1.02135294,0.98530684,0.97726357,0.99904749,1.01970756
2016-04-06,1.04739464,1.02500414,0.99826470,0.98179529,1.00670183,1.03084404
2016-04-07,1.05127084,1.02373778,0.98284320,0.97644729,0.99982321,1.01850898
2016-04-08,1.05080678,1.02612763,0.98917798,0.97866643,1.00476319,1.02125575
2016-04-11,1.05261730,1.02877635,0.99144156,0.97945610,1.00713196,1.01885859
2016-04-12,1.05366327,1.03293709,1.00237120,0.98326337,1.01460806,1.02834661
2016-04-13,1.05732968,1.04012471,1.01595480,0.98796173,1.02488973,1.03873431
2016-04-14,1.05240296,1.03568384,1.01435375,0.98741275,1.02174437,1.03878394
2016-04-15,1.05725502,1.03869995,1.01118150,0.98632390,1.02267431,1.03763545
2016-04-18,1.05780808,1.04064859,1.01690735,0.98829324,1.02665900,1.04492656
2016-04-19,1.06254721,1.04623635,1.02107725,0.98972220,1.03295802,1.04822295
2016-04-20,1.05675953,1.04178939,1.02013410,0.98939985,1.03051760,1.04922154
2016-04-21,1.05278893,1.03784034,1.01494535,0.98762539,1.02632826,1.04357871
2016-04-22,1.04884905,1.03349962,1.00779475,0.98517191,1.02250228,1.04357871
2016-04-25,1.04663781,1.03066116,1.00507626,0.98423487,1.01936533,1.04178071
2016-04-26,1.04625445,1.03220940,1.00755649,0.98509128,1.02230456,1.04332846
2016-04-27,1.05199016,1.03632741,1.00758675,0.98510171,1.02480240,1.04547617
2016-04-28,1.05410740,1.03528402,0.99701553,0.98145742,1.01990158,1.03598762
2016-04-29,1.05763327,1.03691103,0.99202691,0.97920788,1.01899195,1.03039469
2016-05-02,1.05553174,1.03674371,0.98956801,0.97811932,1.02186111,1.03858440
2016-05-03,1.05659364,1.03183664,0.99010257,0.97835629,1.01182162,1.02954564
2016-05-04,1.05496903,1.02725485,0.98805893,0.97745060,1.00479423,1.02380237
2016-05-05,1.05746247,1.02835812,0.98981918,0.97823159,1.00460565,1.02360274
2016-05-06,1.05886131,1.03081753,0.99261639,0.97947145,1.00805377,1.02734820
2016-05-09,1.05572561,1.02689755,0.98713388,0.97704511,1.00434888,1.02819698
2016-05-10,1.06131118,1.03479511,0.99215035,0.97927200,1.01474533,1.04098156
2016-05-11,1.06246816,1.03392370,0.99404294,0.98010981,1.01087219,1.03124338
2016-05-12,1.05868418,1.02975986,0.99002382,0.97833250,1.00727001,1.03154300
2016-05-13,1.06058983,1.02857800,0.99184515,0.97913972,1.00252381,1.02255406
2016-05-16,1.06084370,1.03229738,0.99250201,0.97943055,1.00985628,1.03264168
2016-05-17,1.05900488,1.02830712,0.99110982,0.97881438,1.00343909,1.02300340
2016-05-18,1.04880856,1.02053046,0.98077306,0.97423586,0.99885723,1.02330312
2016-05-19,1.04863340,1.01803754,0.98042827,0.97408225,0.99447036,1.01975746
2016-05-20,1.05128035,1.02336746,0.98230760,0.97491968,1.00183852,1.02619953
2016-05-23,1.05093581,1.02252204,0.98166111,0.97463191,1.00045877,1.02480114
2016-05-24,1.05019309,1.02595747,0.97877369,0.97334618,1.00854917,1.03808569
2016-05-25,1.05085607,1.02876415,0.97886527,0.97338702,1.01371434,1.04512637
2016-05-26,1.05278958,1.03087608,0.97953300,0.97368482,1.01563413,1.04542591
2016-05-27,1.05139762,1.03064813,0.97777107,0.97289932,1.01685880,1.04992060
2016-05-31,1.05229423,1.03197602,0.97916929,0.97324446,1.01774830,1.04792297
2016-06-01,1.05437330,1.03376748,0.98082484,0.97373812,1.01927278,1.05007041
2016-06-02,1.05795581,1.03765549,0.98341502,0.97450956,1.02303691,1.05326672
2016-06-03,1.07041549,1.04840946,0.99619950,0.97831017,1.03035836,1.05012032
2016-06-06,1.06911378,1.04995410,0.99553338,0.97811392,1.03457597,1.05546398
2016-06-07,1.07123412,1.05257090,0.99657562,0.97842112,1.03750875,1.05711208
2016-06-08,1.07815970,1.05947535,1.00435820,0.98071336,1.04370514,1.06055765
2016-06-09,1.08071634,1.05897632,1.00792166,0.98175723,1.04055181,1.05910963
2016-06-10,1.07810156,1.05154797,1.00772341,0.98169930,1.02867851,1.04907173
2016-06-13,1.07810532,1.04839896,1.00911148,0.98210497,1.02226880,1.04098156
2016-06-14,1.07576012,1.04559574,1.00855797,0.98194336,1.01878916,1.03893420
2016-06-15,1.07951327,1.04975938,1.01187349,0.98291177,1.02242621,1.03748582
2016-06-16,1.08044915,1.04971868,1.01097393,0.98264962,1.02224561,1.04058186
2016-06-17,1.08046225,1.04976985,1.01194323,0.98293227,1.02216197,1.03670673
2016-06-20,1.07861882,1.05251528,1.00849480,0.98192740,1.02938574,1.04338322
2016-06-21,1.07378740,1.04947101,1.00142922,0.97986356,1.02880459,1.04634456
2016-06-22,1.07413009,1.04944853,1.00160065,0.97991388,1.02823325,1.04463827
2016-06-23,1.07399470,1.05523468,0.99994787,0.97942879,1.04002022,1.05824196
2016-06-24,1.07821068,1.04463954,1.01327268,0.98334420,1.01241793,1.02024161
2016-06-27,1.08383225,1.04253266,1.01747915,0.98456887,1.00196287,1.00196895
2016-06-28,1.09029080,1.05298436,1.02066175,0.98549276,1.01662738,1.02004063
2016-06-29,1.09451791,1.06226652,1.02525629,0.98682363,1.03080248,1.03740974
2016-06-30,1.10293477,1.07195362,1.03289002,0.98902791,1.04220222,1.05156547
2016-07-01,1.11365758,1.08160404,1.04591417,0.99276923,1.04957442,1.05377442
2016-07-05,1.11733555,1.07965919,1.04572012,0.99271397,1.04238689,1.04619438
2016-07-06,1.12105710,1.08317585,1.04740566,0.99319400,1.04602920,1.05246928
2016-07-07,1.11951124,1.08203894,1.04513940,0.99254931,1.04512129,1.05181653
2016-07-08,1.13052577,1.09558729,1.05733098,0.99602275,1.06063557,1.06747838
2016-07-11,1.12671373,1.09586376,1.05428827,0.99516286,1.06470003,1.07124353
2016-07-12,1.11851952,1.09309672,1.04763803,0.99327968,1.06779064,1.07902436
2016-07-13,1.12616850,1.09784254,1.05437395,0.99519560,1.06958235,1.07887356
2016-07-14,1.11994359,1.09563332,1.05163461,0.99441992,1.07176146,1.08489749
2016-07-15,1.11396595,1.09111776,1.04648831,0.99296003,1.06870983,1.08344173
2016-07-18,1.11494545,1.09357706,1.04983816,0.99391358,1.07222714,1.08635343
2016-07-19,1.11679233,1.09258916,1.04868514,0.99358610,1.06903502,1.08524872
2016-07-20,1.11303020,1.09190833,1.04353857,0.99212325,1.07157987,1.08976689
2016-07-21,1.11601290,1.09368657,1.04847345,0.99353077,1.07148000,1.08565077
2016-07-22,1.11662033,1.09547482,1.04901510,0.99368475,1.07447505,1.09052009
2016-07-25,1.11370585,1.09209205,1.04282814,0.99192656,1.07093789,1.08755812
2016-07-26,1.11604565,1.09551378,1.04758104,0.99328284,1.07465797,1.08805998
2016-07-27,1.12586281,1.10458878,1.05872311,0.99645220,1.08145518,1.08690573
2016-07-28,1.12451628,1.10351356,1.05714905,0.99600776,1.08092703,1.08816051
2016-07-29,1.13275481,1.11110496,1.06558800,0.99839302,1.08734748,1.08991751
2016-08-01,1.12696969,1.10740365,1.06550028,0.99836836,1.08545684,1.08901379
2016-08-02,1.12146666,1.10124938,1.06087770,0.99706897,1.07888948,1.08203615
2016-08-03,1.12110449,1.10191598,1.06324820,0.99773734,1.08043448,1.08519891
2016-08-04,1.12605706,1.10657655,1.06614221,0.99855205,1.08435134,1.08635343
2016-08-05,1.11974477,1.10477487,1.06904599,0.99936796,1.08746019,1.09523842
2016-08-08,1.12049625,1.10599791,1.07109387,0.99994228,1.08870313,1.09458621
2016-08-09,1.12722144,1.11224534,1.07535072,1.00113450,1.09377608,1.09523842
2016-08-10,1.12984020,1.11363996,1.07455017,1.00091091,1.09377946,1.09252779
2016-08-11,1.12606034,1.11308584,1.07840984,1.00198946,1.09658581,1.09759799
2016-08-12,1.12907917,1.11476077,1.07666517,1.00150315,1.09671719,1.09664409
2016-08-15,1.12663806,1.11585085,1.08519294,1.00388288,1.10069664,1.09980677
2016-08-16,1.12481854,1.11323930,1.08242049,1.00311347,1.09715309,1.09413417
2016-08-17,1.12828154,1.11465477,1.07914649,1.00220323,1.09719371,1.09619205
2016-08-18,1.13140118,1.11893175,1.08686784,1.00435448,1.10199568,1.09865207
2016-08-19,1.12550666,1.11355134,1.08165673,1.00290983,1.09746715,1.09704578
2016-08-22,1.12931634,1.11503342,1.07714798,1.00165568,1.09710219,1.09699542
2016-08-23,1.13086693,1.11663954,1.07814615,1.00193414,1.09896784,1.09920455
2016-08-24,1.12529419,1.11131665,1.07219904,1.00027613,1.09381004,1.09358213
2016-08-25,1.12260887,1.10939864,1.07287429,1.00046511,1.09251463,1.09282912
2016-08-26,1.11826346,1.10519129,1.06855288,0.99925619,1.08872350,1.09077097
2016-08-29,1.12691937,1.11251005,1.07382481,1.00073520,1.09456394,1.09614223
2016-08-30,1.12203740,1.10830441,1.06992475,0.99964482,1.09127822,1.09433488
2016-08-31,1.12118552,1.10584212,1.06323883,0.99695412,1.08765510,1.09122265
2016-09-01,1.12344388,1.10910104,1.06677284,0.99834935,1.09123862,1.09127274
2016-09-02,1.12454553,1.11370760,1.07715783,1.00244149,1.09861962,1.09619205
2016-09-06,1.13368818,1.12398653,1.08742005,1.00646269,1.10843322,1.09950543
2016-09-07,1.13255351,1.12345776,1.08876553,1.00698702,1.10843106,1.09940481
2016-09-08,1.12421590,1.11637706,1.08496560,1.00550724,1.10313664,1.09689525
2016-09-09,1.10549444,1.09441371,1.05238158,0.99279249,1.07846993,1.07064114
2016-09-12,1.11051877,1.10113880,1.06595252,0.99818299,1.08778927,1.08600201
2016-09-13,1.09716721,1.08607728,1.04701451,0.99071609,1.07134283,1.07039007
2016-09-14,1.09839977,1.08786374,1.04980286,0.99182699,1.07304815,1.06998839
2016-09-15,1.09871383,1.09208615,1.06542194,0.99804022,1.08110326,1.08068092
2016-09-16,1.09943613,1.09117617,1.06231326,0.99681409,1.07803144,1.07650338
2016-09-19,1.09899618,1.09231045,1.06594015,0.99824704,1.08025860,1.07670499
2016-09-20,1.10152772,1.09422062,1.06529636,0.99799319,1.08160867,1.07675552
2016-09-21,1.11387954,1.10895278,1.08386566,1.00531783,1.09764103,1.08886443
2016-09-22,1.12117808,1.11725106,1.09450702,1.00947367,1.10645399,1.09572571
2016-09-23,1.11833141,1.11248863,1.08490597,1.00574522,1.10005482,1.08972184
2016-09-26,1.11778337,1.10871850,1.07300353,1.00109936,1.09302698,1.08089269
2016-09-27,1.12193058,1.11398372,1.08310278,1.00506670,1.09915686,1.08760290
2016-09-28,1.12239791,1.11610693,1.08974771,1.00766296,1.10310859,1.09300150
2016-09-29,1.11928428,1.10976528,1.07549606,1.00211430,1.09374855,1.08311270
2016-09-30,1.11728864,1.11044684,1.08365103,1.00710937,1.09777761,1.09128614
2016-10-03,1.11410797,1.10844515,1.08450711,1.00764566,1.09643105,1.08866255
2016-10-04,1.09888106,1.09477853,1.07815114,1.00366502,1.08558323,1.08311270
2016-10-05,1.09804828,1.09652731,1.08678915,1.00908526,1.08966218,1.08790576
2016-10-06,1.09290922,1.09211967,1.08651333,1.00891263,1.08649944,1.08866255
2016-10-07,1.09184319,1.08988423,1.08119827,1.00558587,1.08310653,1.08492869
2016-10-10,1.09170376,1.09273730,1.09171361,1.01217811,1.08850603,1.09057952
2016-10-11,1.08433748,1.08181760,1.07147371,0.99952922,1.07455667,1.07680606
2016-10-12,1.08529159,1.08197318,1.07020535,0.99873168,1.07426259,1.07821884
2016-10-13,1.08624844,1.08065783,1.06280553,0.99407691,1.07094113,1.07468703
2016-10-14,1.07879288,1.07517676,1.06237107,0.99380300,1.06810060,1.07524230
2016-10-17,1.08104810,1.07646495,1.06060800,0.99269129,1.06774437,1.07150862
2016-10-18,1.08679126,1.08407908,1.07202102,0.99989167,1.07657437,1.07821884
2016-10-19,1.08954400,1.08726345,1.07568943,1.00219801,1.07999572,1.08109447
2016-10-20,1.08896255,1.08620337,1.07315533,1.00060659,1.07854687,1.07907652
2016-10-21,1.08973065,1.08692052,1.07422013,1.00127580,1.07908054,1.07958099
2016-10-24,1.08839455,1.08788261,1.08232461,1.00636772,1.08218351,1.08417235
2016-10-25,1.09031491,1.08880754,1.07886588,1.00419996,1.08165174,1.08053965
2016-10-26,1.08482105,1.08182869,1.06904772,0.99803999,1.07452175,1.07837009
2016-10-27,1.07928726,1.07569199,1.06029577,0.99253253,1.06876391,1.07549445
2016-10-28,1.07845354,1.07420046,1.05566121,0.98960823,1.06663822,1.07231577
2016-10-31,1.08202369,1.07773243,1.05873274,0.99211366,1.06944033,1.07236639
2016-11-01,1.08100636,1.07480296,1.04890919,0.98372911,1.06442158,1.06459662
2016-11-02,1.08227104,1.07278152,1.03748220,0.97396785,1.05929560,1.05818927
2016-11-03,1.07851279,1.06897115,1.03146338,0.96882136,1.05545671,1.05334576
2016-11-04,1.08148299,1.06988805,1.02896546,0.96668435,1.05420357,1.05218540
2016-11-07,1.08120775,1.07653335,1.05791022,0.99145230,1.06831871,1.07539337
2016-11-08,1.07996151,1.07687984,1.06340877,0.99614592,1.07055513,1.08023697
2016-11-09,1.06331727,1.06477686,1.06441529,0.99700470,1.06615373,1.09168953
2016-11-10,1.05367801,1.05413980,1.05427905,0.98835703,1.05724176,1.09441392
2016-11-11,1.04496955,1.04733539,1.05581838,0.98967142,1.05244285,1.09189159
2016-11-14,1.04009793,1.04291013,1.05466233,0.98868443,1.04907959,1.09274882
2016-11-15,1.04679284,1.05130616,1.06769938,0.99981609,1.05851206,1.10127547
2016-11-16,1.04857949,1.05175939,1.06683525,0.99907905,1.05718132,1.09920689
2016-11-17,1.04304884,1.04912242,1.07201959,1.00350120,1.05831281,1.10485754
2016-11-18,1.03810482,1.04458861,1.07093142,1.00257340,1.05410043,1.10238548
2016-11-21,1.04295928,1.05049109,1.07981489,1.01014824,1.06120721,1.11071026
2016-11-22,1.04352548,1.05360300,1.08965145,1.01852962,1.06591824,1.11287964
2016-11-23,1.03723325,1.04720789,1.08656287,1.01590007,1.06056122,1.11348500
2016-11-25,1.03798455,1.04849010,1.09067298,1.01940022,1.06266827,1.11762226
2016-11-28,1.04174088,1.05057747,1.08657199,1.01590901,1.06216370,1.11237508
2016-11-29,1.04377394,1.05239245,1.08814511,1.01724867,1.06401483,1.11454474
2016-11-30,1.03282376,1.04273971,1.08258518,1.01200564,1.05665756,1.11187071
2016-12-01,1.02635541,1.03484155,1.07032658,1.00054624,1.04851248,1.10778399
2016-12-02,1.03111903,1.03875420,1.07125347,1.00141269,1.05125072,1.10833881
2016-12-05,1.03211027,1.04253240,1.08311748,1.01250323,1.05765886,1.11499840
2016-12-06,1.03311401,1.04513990,1.08982618,1.01877456,1.06171119,1.11853030
2016-12-07,1.04274551,1.05575876,1.10408482,1.03210359,1.07375100,1.13316153
2016-12-08,1.03756006,1.05398792,1.11215972,1.03965205,1.07519541,1.13593628
2016-12-09,1.03183706,1.04967783,1.11385523,1.04123702,1.07396106,1.14279819
2016-12-12,1.03272972,1.04817918,1.10579463,1.03370194,1.07064568,1.14148622
2016-12-13,1.03648938,1.05309623,1.11457288,1.04190789,1.07699241,1.14910465
2016-12-14,1.02458531,1.03941754,1.09811535,1.02652331,1.06266598,1.13961942
2016-12-15,1.02473883,1.03956624,1.10205239,1.03020367,1.06327308,1.14431105
2016-12-16,1.02469631,1.03900995,1.09835144,1.02674401,1.06220581,1.14207350
2016-12-19,1.03092337,1.04373508,1.09974924,1.02805068,1.06527109,1.14455978
2016-12-20,1.02852488,1.04316659,1.10552201,1.03344709,1.06689955,1.14897525
2016-12-21,1.02986028,1.04320821,1.10131068,1.02951032,1.06553348,1.14577823
2016-12-22,1.02785376,1.03937321,1.09274509,1.02150316,1.06073661,1.14379885
2016-12-23,1.03009244,1.04228839,1.09706335,1.02553989,1.06393770,1.14547375
2016-12-27,1.03049037,1.04397841,1.10218970,1.03033203,1.06665889,1.14831576
2016-12-28,1.03167918,1.04434532,1.09834142,1.02673464,1.06475634,1.13882532
2016-12-29,1.03627905,1.04992196,1.10416286,1.03217655,1.07004911,1.13857155
2016-12-30,1.03495914,1.04704126,1.09635770,1.02488025,1.06606905,1.13441029
2017-01-03,1.04128405,1.05417547,1.10387327,1.03190584,1.07397691,1.14308846
2017-01-04,1.04656255,1.06115124,1.11419931,1.04155867,1.08232637,1.14988878
2017-01-05,1.05763960,1.07066712,1.11171954,1.03924057,1.08911828,1.14897525
2017-01-06,1.05249382,1.06634739,1.11493480,1.04224621,1.08672069,1.15308598
2017-01-09,1.05685695,1.06953905,1.11248949,1.03996032,1.08785712,1.14927982
2017-01-10,1.05752444,1.07200845,1.11685667,1.04404278,1.09118257,1.14927982
2017-01-11,1.06106911,1.07638852,1.11956755,1.04657693,1.09600002,1.15252774
2017-01-12,1.06032626,1.07581560,1.11517959,1.04247504,1.09530165,1.14963493
2017-01-13,1.05978129,1.07656530,1.11999773,1.04697906,1.09744924,1.15227380
2017-01-17,1.06636134,1.08020665,1.11249215,1.03996281,1.09752564,1.14821424
2017-01-18,1.05894299,1.07425330,1.11528068,1.04256954,1.09406579,1.15075159
2017-01-19,1.05434325,1.06992898,1.11068956,1.03827774,1.09005994,1.14648862
2017-01-20,1.05559975,1.07188553,1.11477275,1.04209472,1.09304290,1.15070087
2017-01-23,1.06108282,1.07757009,1.11255943,1.04002571,1.09738911,1.14770644
2017-01-24,1.05902673,1.07844947,1.12311115,1.04988950,1.10144185,1.15506563
2017-01-25,1.05499885,1.07822739,1.13364534,1.05973690,1.10596680,1.16506306
2017-01-26,1.05375970,1.07604274,1.13212711,1.05831766,1.10309801,1.16384506
2017-01-27,1.05522824,1.07713572,1.13095817,1.05722493,1.10336228,1.16201810
2017-01-30,1.05234076,1.07262420,1.12042430,1.04737782,1.09717880,1.15481187
2017-01-31,1.05867370,1.07853430,1.12225746,1.04909146,1.10174303,1.15471008
2017-02-01,1.05572561,1.07717257,1.12476688,1.05143728,1.10206669,1.15516715
2017-02-02,1.05700495,1.07841726,1.12374187,1.05047910,1.10319802,1.15592817
2017-02-03,1.05970902,1.08262733,1.13312367,1.05924924,1.10907122,1.16389577
2017-02-06,1.06422446,1.08533010,1.13005684,1.05638236,1.10937473,1.16181514
2017-02-07,1.06702314,1.08654523,1.12978674,1.05612987,1.10914402,1.16186604
2017-02-08,1.07517108,1.09321645,1.13023807,1.05655178,1.11371168,1.16338843
2017-02-09,1.07026584,1.09146662,1.13914533,1.06487832,1.11580961,1.17029036
2017-02-10,1.07195466,1.09470926,1.14478475,1.07015008,1.12035112,1.17490852
2017-02-13,1.07093600,1.09464009,1.15001434,1.07503872,1.12209337,1.18130319
2017-02-14,1.06884789,1.09363034,1.15410758,1.07886510,1.12275320,1.18602252
2017-02-15,1.06961453,1.09626570,1.16069197,1.08502023,1.12738097,1.19221442
2017-02-16,1.07332353,1.09863473,1.15916168,1.08358970,1.12827756,1.19119919
2017-02-17,1.07545484,1.09966568,1.16119505,1.08549050,1.12844247,1.19307669
2017-02-21,1.07682441,1.10287316,1.16844139,1.09226442,1.13357152,1.20018202
2017-02-22,1.07764718,1.10349985,1.16652224,1.09047038,1.13376405,1.19911608
2017-02-23,1.08142542,1.10568179,1.16301364,1.08719053,1.13459056,1.19992817
2017-02-24,1.08761458,1.10875964,1.16397141,1.08808586,1.13473946,1.20145092
2017-02-27,1.08427872,1.10689403,1.16883218,1.09262973,1.13463005,1.20332851
2017-02-28,1.08528040,1.10480841,1.16057457,1.08491048,1.13014090,1.20008050
2017-03-01,1.08229140,1.10680362,1.17728692,1.10053326,1.13837303,1.21687824
2017-03-02,1.07530147,1.09777510,1.16834395,1.09217333,1.12812690,1.20921557
2017-03-03,1.07716864,1.10025764,1.16902301,1.09280812,1.13092260,1.20997623
2017-03-06,1.07226920,1.09564645,1.16433034,1.08842138,1.12670013,1.20637356
2017-03-07,1.06785428,1.09144525,1.15998117,1.08435577,1.12272439,1.20277000
2017-03-08,1.06308517,1.08622487,1.15740101,1.08194381,1.11769739,1.20053713
2017-03-09,1.05906054,1.08206350,1.15665239,1.08124400,1.11463918,1.20205961
2017-03-10,1.06298964,1.08716995,1.16133320,1.08561964,1.12059948,1.20627195
2017-03-13,1.06084407,1.08776933,1.16308776,1.08725981,1.12341381,1.20688100
2017-03-14,1.05995433,1.08543830,1.15881257,1.08326335,1.11940314,1.20226256
2017-03-15,1.07355747,1.10102583,1.17051905,1.09420662,1.13564522,1.21266662
2017-03-16,1.07211665,1.10131642,1.16999563,1.09371733,1.13705434,1.21028088
2017-03-17,1.07527157,1.10412848,1.17072970,1.09440354,1.13887271,1.20815556
2017-03-20,1.07772358,1.10695402,1.16896612,1.09275494,1.14111522,1.20683037
2017-03-21,1.07941431,1.10362258,1.14705592,1.07227318,1.13220176,1.19133506
2017-03-22,1.08250270,1.10699566,1.15063349,1.07561751,1.13556103,1.19413885
2017-03-23,1.08147794,1.10677924,1.15148818,1.07641648,1.13588359,1.19286447
2017-03-24,1.08357694,1.10910451,1.15228139,1.07715797,1.13791173,1.19199824
2017-03-27,1.08695106,1.11204729,1.15321869,1.07803417,1.13993397,1.19077485
2017-03-28,1.08551082,1.11227278,1.16136164,1.08564624,1.14286504,1.19943953
2017-03-29,1.08910748,1.11588658,1.16477193,1.08883418,1.14596267,1.20056114
2017-03-30,1.08423372,1.11204389,1.16958969,1.09333785,1.14405465,1.20438384
2017-03-31,1.08524494,1.11230394,1.16904245,1.09282629,1.14325607,1.20158041
2017-04-03,1.09048870,1.11577869,1.16401908,1.08813042,1.14434097,1.19949043
2017-04-04,1.08862548,1.11459417,1.16442578,1.08851060,1.14402533,1.20025504
2017-04-05,1.08863070,1.11260325,1.15729101,1.08184099,1.14015862,1.19668753
2017-04-06,1.08792266,1.11255923,1.16216964,1.08640156,1.14111560,1.20005127
2017-04-07,1.08621641,1.11121224,1.16139795,1.08568017,1.14012004,1.19882797
2017-04-10,1.08842341,1.11250749,1.16263220,1.08683396,1.14054869,1.19954168
2017-04-11,1.09631330,1.11927765,1.16357942,1.08771943,1.14524280,1.19811452
2017-04-12,1.09910528,1.12055311,1.15504627,1.07974260,1.14432194,1.19286447
2017-04-13,1.09907834,1.11900580,1.14725319,1.07245759,1.14053308,1.18511709
2017-04-17,1.10018545,1.12253054,1.15829841,1.08278271,1.14697108,1.19561673
2017-04-18,1.10608830,1.12541904,1.15664446,1.08123659,1.14637800,1.19204878
2017-04-19,1.10046776,1.12081265,1.15789143,1.08240226,1.14289114,1.18985718
2017-04-20,1.10230503,1.12556328,1.16917906,1.09295399,1.15066398,1.19954168
2017-04-21,1.10211277,1.12558463,1.16697046,1.09088939,1.15031035,1.19571907
2017-04-24,1.10414167,1.13132838,1.18079141,1.10380927,1.16072794,1.20886928
2017-04-25,1.09856279,1.12955536,1.18975233,1.11218598,1.16345855,1.21590339
2017-04-26,1.10180509,1.13199888,1.19098073,1.11333430,1.16461809,1.21513833
2017-04-27,1.10113295,1.13178722,1.19358418,1.11576801,1.16498374,1.21615805
2017-04-28,1.10215472,1.13169885,1.18808586,1.11062816,1.16364450,1.21350776
2017-05-01,1.09729517,1.12999533,1.19488596,1.11698493,1.16523474,1.21656594
2017-05-02,1.10032271,1.13281929,1.19368178,1.11585925,1.16761154,1.21702464
2017-05-03,1.09683236,1.12789816,1.18946514,1.11191752,1.16217899,1.21554622
2017-05-04,1.09355135,1.12414530,1.18953089,1.11197898,1.15943646,1.21697365
2017-05-05,1.09673296,1.12875844,1.19509409,1.11717949,1.16543235,1.22176501
2017-05-08,1.09281710,1.12522664,1.19423390,1.11637537,1.16251178,1.22156097
2017-05-09,1.09087260,1.12519389,1.19508252,1.11716867,1.16355604,1.22043981
2017-05-10,1.09099264,1.12666491,1.19850449,1.12036754,1.16613563,1.22263114
2017-05-11,1.09105148,1.12634349,1.19458718,1.11670562,1.16511879,1.22013363
2017-05-12,1.09533872,1.13010245,1.19271176,1.11495247,1.16767640,1.21809508
2017-05-15,1.09681445,1.13341056,1.19926310,1.12107670,1.17295761,1.22482283
2017-05-16,1.09998583,1.13689560,1.20070920,1.12242851,1.17615062,1.22370158
2017-05-17,1.10467554,1.13446391,1.17263330,1.09618303,1.16509618,1.20198821
2017-05-18,1.10466843,1.13331671,1.17904611,1.10217776,1.16417233,1.20683037
2017-05-19,1.11008586,1.14083832,1.18515000,1.10788370,1.17345599,1.21467981
2017-05-22,1.11137727,1.14336209,1.19315233,1.11536432,1.17745872,1.22084770
2017-05-23,1.10736173,1.14058594,1.19573961,1.11778292,1.17654392,1.22354880
2017-05-24,1.11169594,1.14471658,1.19876388,1.12061002,1.18018244,1.22640313
2017-05-25,1.11299885,1.14673234,1.20433710,1.12581989,1.18322015,1.23226465
2017-05-26,1.11551389,1.14939165,1.20484946,1.12629885,1.18534826,1.23200999
2017-05-30,1.11672194,1.14875161,1.20168823,1.12334372,1.18321800,1.23093955
2017-05-31,1.11891332,1.14958984,1.20103607,1.12273407,1.18294258,1.23063354
2017-06-01,1.12221957,1.15517159,1.20780046,1.12905745,1.19089789,1.24041992
2017-06-02,1.13183668,1.16524369,1.21885372,1.13939010,1.20050561,1.24454891
2017-06-05,1.12823479,1.16163418,1.21604616,1.13676557,1.19723153,1.24363143
2017-06-06,1.13226943,1.16470440,1.21347773,1.13436460,1.19829759,1.23965549
2017-06-07,1.12928208,1.16256651,1.21469980,1.13550699,1.19756953,1.24194933
2017-06-08,1.12640188,1.16233649,1.21682317,1.13749193,1.19932021,1.24256063
2017-06-09,1.12264005,1.15610157,1.20206172,1.12369285,1.19188798,1.24067486
2017-06-12,1.12165816,1.15378860,1.19628593,1.11829362,1.18881306,1.24041992
2017-06-13,1.12426553,1.15769803,1.20452764,1.12599801,1.19421516,1.24648548
2017-06-14,1.12993754,1.16039560,1.20238454,1.12399463,1.19377869,1.24490536
2017-06-15,1.12645962,1.15509183,1.19230428,1.11457155,1.18731039,1.24251000
2017-06-16,1.12845728,1.15641813,1.19463697,1.11675217,1.18828527,1.24278121
2017-06-19,1.12888821,1.15963008,1.20687580,1.12819308,1.19463891,1.25312753
2017-06-20,1.12981514,1.15708529,1.19604072,1.11806440,1.18833171,1.24467642
2017-06-21,1.13127652,1.15926093,1.20037436,1.12211550,1.19054511,1.24436897
2017-06-22,1.13298987,1.16163801,1.20224495,1.12386414,1.19285692,1.24380570
2017-06-23,1.13441463,1.16465198,1.20690555,1.12822089,1.19682531,1.24529104
2017-06-26,1.13448476,1.16500755,1.20958217,1.13072301,1.19739211,1.24611068
2017-06-27,1.12777693,1.15679735,1.19749177,1.11942085,1.18820436,1.23607171
2017-06-28,1.12998754,1.16226466,1.20981861,1.13094403,1.19712999,1.24713490
2017-06-29,1.12106258,1.15185154,1.19371511,1.11589041,1.18551847,1.23617395
2017-06-30,1.11997462,1.15121994,1.19593896,1.11783823,1.18569574,1.23847885
2017-07-03,1.11494616,1.14704929,1.19356199,1.11572690,1.18307585,1.24057900
2017-07-05,1.11661036,1.14868565,1.19671171,1.11852490,1.18486489,1.24344708
2017-07-06,1.10937465,1.14025714,1.18653853,1.10948891,1.17531680,1.23207671
2017-07-07,1.10606111,1.13929576,1.19163632,1.11401879,1.17747697,1.24006689
2017-07-10,1.10771923,1.14188493,1.19897769,1.12054091,1.18056009,1.24139846
2017-07-11,1.10886477,1.14447507,1.20429691,1.12526510,1.18368115,1.24047640
2017-07-12,1.11603293,1.15386998,1.22003219,1.13923712,1.19464889,1.24979851
2017-07-13,1.11341386,1.15280470,1.22410630,1.14285237,1.19540752,1.25189829
2017-07-14,1.11804646,1.15898966,1.23530692,1.15278985,1.20279024,1.25773733
2017-07-17,1.12016195,1.16042712,1.23280587,1.15057186,1.20336446,1.25758357
2017-07-18,1.12625085,1.16593756,1.23715971,1.15443335,1.20753222,1.25824971
2017-07-19,1.12847560,1.17000235,1.24480973,1.16121708,1.21340819,1.26506181
2017-07-20,1.13077065,1.17200035,1.24656624,1.16277421,1.21507528,1.26562518
2017-07-21,1.13417517,1.17411699,1.24449083,1.16093451,1.21549836,1.26449844
2017-07-24,1.13201022,1.17344983,1.24650468,1.16271979,1.21593851,1.26419091
2017-07-25,1.12580234,1.16914024,1.24496156,1.16135193,1.21446835,1.26726438
2017-07-26,1.12918461,1.17299848,1.25229504,1.16785294,1.21825911,1.26731518
2017-07-27,1.12610002,1.16867592,1.24646037,1.16268210,1.21357071,1.26613756
2017-07-28,1.13050261,1.17194066,1.24636004,1.16259316,1.21519277,1.26465194
2017-07-31,1.13126890,1.17199438,1.24594385,1.16221337,1.21466655,1.26393472
2017-08-01,1.13574804,1.17609798,1.25042934,1.16595397,1.21833321,1.26675200
2017-08-02,1.13572066,1.17514424,1.25212694,1.16736912,1.21696064,1.26736644
2017-08-03,1.14060927,1.17747723,1.24904251,1.16479826,1.21654359,1.26490795
2017-08-04,1.13529221,1.17435676,1.25187492,1.16715968,1.21605903,1.26721267
2017-08-07,1.13616376,1.17645084,1.25755241,1.17189196,1.21902196,1.26956901
2017-08-08,1.13378341,1.17428196,1.25468627,1.16950413,1.21674048,1.26644428
2017-08-09,1.13912177,1.17651071,1.24967051,1.16532440,1.21619790,1.26639339
2017-08-10,1.13923806,1.17025412,1.22495749,1.14472183,1.20305589,1.24851783
2017-08-11,1.14084855,1.17267782,1.22826738,1.14748710,1.20585238,1.25036169
2017-08-14,1.14043566,1.17587947,1.24071702,1.15788525,1.21330487,1.26275673
2017-08-15,1.13640971,1.17186842,1.24116992,1.15826311,1.20998067,1.26260269
2017-08-16,1.14111329,1.17718297,1.24854543,1.16441648,1.21532040,1.26480544
2017-08-17,1.14003596,1.17158100,1.23004670,1.14899272,1.20390752,1.24508646
2017-08-18,1.13938189,1.17219976,1.23437802,1.15260981,1.20513507,1.24313964
2017-08-21,1.14167873,1.17415445,1.23523708,1.15332695,1.20658360,1.24411287
2017-08-22,1.14240801,1.17801157,1.24810740,1.16407020,1.21420265,1.25712244
2017-08-23,1.14557333,1.18073998,1.24865978,1.16453078,1.21536385,1.25261534
2017-08-24,1.14205955,1.17851496,1.24780444,1.16381762,1.21395937,1.24969581
2017-08-25,1.14620911,1.18257109,1.25185568,1.16719571,1.21785735,1.25261534
2017-08-28,1.14974335,1.18631550,1.25166288,1.16703499,1.22117609,1.25266659
2017-08-29,1.15069765,1.18682185,1.25087046,1.16637446,1.22126686,1.25410050
2017-08-30,1.15171343,1.18925844,1.25585855,1.17053265,1.22515857,1.26004241
2017-08-31,1.15871891,1.19728983,1.26421479,1.17619625,1.23400136,1.26762254
2017-09-01,1.15597603,1.19672405,1.26730734,1.17832205,1.23552888,1.26941524
2017-09-05,1.16356930,1.19936285,1.25516010,1.16997742,1.23224925,1.26029833
2017-09-06,1.16101636,1.19867126,1.26173275,1.17450396,1.23400475,1.26460069
2017-09-07,1.16953944,1.20662357,1.26926702,1.17968571,1.24033859,1.26444719
2017-09-08,1.16780244,1.20375938,1.26285646,1.17528364,1.23698051,1.26296157
2017-09-11,1.16260527,1.20292366,1.27663330,1.18475660,1.24193443,1.27643209
2017-09-12,1.16209243,1.20343775,1.27849991,1.18603647,1.24398284,1.28073480
2017-09-13,1.15782776,1.19950973,1.27452162,1.18330974,1.24090171,1.28134915
2017-09-14,1.16103664,1.20171916,1.27390527,1.18288695,1.24193169,1.28093929
2017-09-15,1.16052589,1.20257604,1.27826821,1.18588013,1.24390297,1.28266391
2017-09-18,1.15619492,1.19991334,1.27976874,1.18690865,1.24343831,1.28539199
2017-09-19,1.15632391,1.20074307,1.28343699,1.18942223,1.24507842,1.28667878
2017-09-20,1.15458831,1.19840744,1.27921961,1.18653453,1.24265953,1.28714216
2017-09-21,1.15141904,1.19503567,1.27573480,1.18414637,1.23909936,1.28369317
2017-09-22,1.15434196,1.19724332,1.27421024,1.18310084,1.24056616,1.28395071
2017-09-25,1.15870866,1.19778443,1.26010790,1.17342655,1.23752969,1.28132568
2017-09-26,1.15502479,1.19472700,1.25913981,1.17276048,1.23549819,1.28209785
2017-09-27,1.14655955,1.19068003,1.26172130,1.17453693,1.23640305,1.28709054
2017-09-28,1.14622068,1.19076346,1.26240625,1.17500803,1.23717935,1.28863478
2017-09-29,1.14780330,1.19407650,1.27275352,1.18030082,1.24205144,1.29316455
2017-10-02,1.14651189,1.19390585,1.27285573,1.18035394,1.24353634,1.29877510
2017-10-03,1.14813004,1.19743588,1.28190663,1.18505784,1.24835679,1.30155470
2017-10-04,1.14899580,1.19772336,1.28141359,1.18480239,1.24830922,1.30309894
2017-10-05,1.14757372,1.19816603,1.28853741,1.18849388,1.25119782,1.31081998
2017-10-06,1.14690134,1.19738574,1.28665227,1.18751940,1.25030049,1.30932708
2017-10-09,1.14995529,1.19950135,1.28600183,1.18718295,1.25102055,1.30716507
2017-10-10,1.15325191,1.20390002,1.29462234,1.19164302,1.25635714,1.31061388
2017-10-11,1.15573433,1.20665694,1.29893842,1.19386953,1.25922132,1.31267311
2017-10-12,1.15748620,1.20770437,1.29758670,1.19317325,1.25917216,1.31071684
2017-10-13,1.16385723,1.21419966,1.30543333,1.19721698,1.26498689,1.31231270
2017-10-16,1.16214836,1.21266285,1.30633696,1.19768144,1.26407609,1.31406286
2017-10-17,1.16103324,1.21049855,1.30352423,1.19623617,1.26151276,1.31498934
2017-10-18,1.15746640,1.20849172,1.30528279,1.19714063,1.26141175,1.31627604
2017-10-19,1.15968241,1.20866673,1.29915101,1.19398882,1.26002749,1.31663600
2017-10-20,1.15429402,1.20519732,1.30135473,1.19512391,1.25964685,1.32343065
2017-10-23,1.15412017,1.20283403,1.29411766,1.19139903,1.25520127,1.31828339
2017-10-24,1.15083672,1.20062899,1.29553333,1.19212946,1.25467473,1.32059980
2017-10-25,1.14658038,1.19652082,1.29127555,1.18993366,1.25032779,1.31406286
2017-10-26,1.14329078,1.19268307,1.28692685,1.18768774,1.24702953,1.31576123
2017-10-27,1.15039327,1.20322391,1.30663993,1.19788387,1.25992871,1.32651914
2017-10-30,1.15469604,1.20520334,1.30588902,1.19749806,1.25911510,1.32157779
2017-10-31,1.15487981,1.20757363,1.31342855,1.20209610,1.26315995,1.32363694
2017-11-01,1.15848232,1.21013908,1.31599524,1.20368170,1.26472092,1.32538683
2017-11-02,1.16128906,1.21262353,1.31704631,1.20433060,1.26667613,1.32590164
2017-11-03,1.16233318,1.21316695,1.31831570,1.20511409,1.26732159,1.33032827
2017-11-06,1.16691914,1.21872557,1.32536734,1.20946508,1.27293746,1.33238723
2017-11-07,1.16749133,1.21672530,1.32115421,1.20686999,1.26900775,1.33146093
2017-11-08,1.16813889,1.21859332,1.32646385,1.21014387,1.27197580,1.33372537
2017-11-09,1.16595201,1.21546764,1.31887339,1.20546975,1.26778451,1.32888680
2017-11-10,1.15601340,1.20711563,1.31575133,1.20354363,1.26209235,1.32847505
2017-11-13,1.15722158,1.20767060,1.31351022,1.20215994,1.26203364,1.32971077
2017-11-14,1.16027649,1.20863469,1.30866082,1.19916418,1.26071544,1.32662219
2017-11-15,1.16329230,1.20930010,1.30224189,1.19519407,1.25818356,1.31998239
2017-11-16,1.16246821,1.21401240,1.32030461,1.20638378,1.26825501,1.33120321
2017-11-17,1.16778313,1.21921395,1.31920629,1.20570641,1.27162607,1.32729149
2017-11-20,1.16526164,1.21806132,1.32207483,1.20747603,1.27207912,1.32955610
2017-11-21,1.17011485,1.22556714,1.33607697,1.21610793,1.28181290,1.33825531
2017-11-22,1.17404247,1.22942765,1.33895776,1.21787780,1.28487332,1.33707148
2017-11-24,1.17368913,1.22952797,1.34330441,1.22054638,1.28618852,1.34015988
2017-11-27,1.17316528,1.22690764,1.33386084,1.21475469,1.28216689,1.33949049
2017-11-28,1.17759708,1.23259333,1.34085333,1.21905301,1.29000645,1.35307935
2017-11-29,1.17042842,1.22336393,1.32420335,1.20883552,1.28067166,1.35225583
2017-11-30,1.16967612,1.22159541,1.32351560,1.20839289,1.28030119,1.36409497
2017-12-01,1.17632792,1.22494911,1.31742050,1.20455151,1.27983977,1.36126366
2017-12-04,1.17494492,1.22215527,1.31611547,1.20372785,1.27600554,1.35961682
2017-12-05,1.17432953,1.22036116,1.30987719,1.19978940,1.27275319,1.35472673
2017-12-06,1.17538143,1.21924750,1.30200852,1.19481429,1.27018176,1.35498445
2017-12-07,1.16946620,1.21571028,1.30765627,1.19839186,1.26982032,1.35925659
2017-12-08,1.17177742,1.21920492,1.31552418,1.20336914,1.27486076,1.36666838
2017-12-11,1.17099807,1.21975562,1.31886702,1.20547992,1.27703499,1.37078621
2017-12-12,1.17178485,1.21900496,1.31532601,1.20324576,1.27569859,1.37320585
2017-12-13,1.17808818,1.22656705,1.32314998,1.20818631,1.28294695,1.37305082
2017-12-14,1.17781810,1.22405468,1.31323504,1.20193686,1.27809017,1.36744072
2017-12-15,1.18278659,1.23023205,1.32407147,1.20878310,1.28570014,1.37882809
2017-12-18,1.18267307,1.23442307,1.33781296,1.21744269,1.29431078,1.38757119
2017-12-19,1.17467104,1.22654320,1.33021823,1.21267188,1.28712796,1.38224210
2017-12-20,1.16940491,1.22307416,1.33143671,1.21343865,1.28557389,1.38151795
2017-12-21,1.17371557,1.22760912,1.33720037,1.21706460,1.28997140,1.38436346
2017-12-22,1.17590810,1.23031526,1.34004048,1.21884895,1.29262593,1.38400143
2017-12-26,1.17869335,1.23213399,1.33938446,1.21843707,1.29311949,1.38234560
2017-12-27,1.18656491,1.23832147,1.34031786,1.21902320,1.29697603,1.38301876
2017-12-28,1.18810071,1.24098765,1.34605687,1.22262622,1.30046557,1.38586409
2017-12-29,1.18943100,1.24154635,1.34276334,1.22063196,1.29958742,1.38063859
2018-01-02,1.19007652,1.24789616,1.36181809,1.23207403,1.31105054,1.39052020
2018-01-03,1.19439708,1.25304865,1.37344938,1.23902527,1.31734490,1.39931545
2018-01-04,1.19821320,1.25750751,1.37844690,1.24200336,1.32289779,1.40521313
2018-01-05,1.19924718,1.26043037,1.39008551,1.24893043,1.32839128,1.41457777
2018-01-08,1.19942662,1.26101871,1.39273587,1.25050340,1.32956743,1.41716467
2018-01-09,1.19224227,1.25503930,1.39305907,1.25069509,1.32623361,1.42037176
2018-01-10,1.19152109,1.25363259,1.38832865,1.24788967,1.32418802,1.41819941
2018-01-11,1.19754430,1.26156939,1.39772081,1.25346622,1.33398535,1.42854655
2018-01-12,1.20469777,1.27002446,1.40864729,1.25993896,1.34379611,1.43785921
2018-01-16,1.20607021,1.26901694,1.40389845,1.25713320,1.34033910,1.43294422
2018-01-17,1.20695896,1.27273360,1.41957641,1.26640686,1.34774868,1.44660249
2018-01-18,1.20091824,1.26761092,1.41943485,1.26632344,1.34392111,1.44417080
2018-01-19,1.20143758,1.27112460,1.42694863,1.27075141,1.35040966,1.45074154
2018-01-22,1.20557940,1.27647954,1.43864052,1.27762927,1.35771367,1.46253707
2018-01-23,1.21011566,1.28204903,1.44589203,1.28188326,1.36369109,1.46564129
2018-01-24,1.21049244,1.28266500,1.44664324,1.28232320,1.36444518,1.46507199
2018-01-25,1.21272184,1.28359450,1.44639471,1.28217768,1.36396223,1.46569336
2018-01-26,1.21575246,1.28936270,1.46602902,1.29367491,1.37374958,1.48266276
2018-01-29,1.20747733,1.27982259,1.45300362,1.28608232,1.36314365,1.47283313
2018-01-30,1.19909806,1.26998916,1.43743922,1.27698213,1.35141791,1.45772557
2018-01-31,1.20381515,1.27463744,1.44383271,1.27881944,1.35515917,1.45845008
2018-02-01,1.19715675,1.26788952,1.43268783,1.27529005,1.34966467,1.45679460
2018-02-02,1.17984916,1.24732819,1.40052832,1.26505478,1.32474427,1.42508029
2018-02-05,1.16738766,1.22610599,1.34622712,1.24751761,1.28979841,1.36547960
2018-02-06,1.17002841,1.23523250,1.38156063,1.25922467,1.30706400,1.39238304
2018-02-07,1.16122608,1.22322703,1.35859195,1.25173950,1.29330928,1.38482917
2018-02-08,1.14659323,1.20195563,1.30680526,1.23467963,1.26201415,1.33288558
2018-02-09,1.14811034,1.20680411,1.32783106,1.24178241,1.27168836,1.35290777
2018-02-12,1.15760710,1.21854631,1.34914514,1.24890933,1.28661299,1.37277467
2018-02-13,1.16162051,1.22313312,1.35601851,1.25118430,1.29112804,1.37618913
2018-02-14,1.16642385,1.23461148,1.38190389,1.25972400,1.30937450,1.39476276
2018-02-15,1.17304651,1.24468481,1.40579156,1.26750981,1.32313607,1.41256008
2018-02-16,1.17556734,1.24611215,1.40232733,1.26639302,1.32366366,1.41297355
2018-02-20,1.16701917,1.23669190,1.39391974,1.26367832,1.31356476,1.40412722
2018-02-21,1.15768398,1.22942352,1.38990678,1.26237756,1.30807542,1.39714247
2018-02-22,1.16140036,1.23250267,1.39073565,1.26264673,1.31060906,1.39895298
2018-02-23,1.17129027,1.24481955,1.41586069,1.27080271,1.32610259,1.42125192
2018-02-26,1.17673136,1.25194484,1.43196592,1.27597112,1.33611871,1.43775562
2018-02-27,1.16783489,1.23833055,1.40620758,1.26776461,1.31796878,1.41980327
2018-02-28,1.16655435,1.23333313,1.39171662,1.26380884,1.30840044,1.40542040
2018-03-01,1.16301911,1.22847460,1.37569891,1.25944517,1.29950187,1.38498474
2018-03-02,1.16241323,1.23156134,1.38961215,1.26326642,1.30628382,1.39212424
2018-03-05,1.16481093,1.23504624,1.40423550,1.26725455,1.31262399,1.40821394
2018-03-06,1.16936655,1.24196640,1.41245725,1.26948047,1.32096723,1.41178405
2018-03-07,1.16709557,1.24139108,1.41752540,1.27084701,1.32172303,1.41126636
2018-03-08,1.17112215,1.24436731,1.42144868,1.27190220,1.32437048,1.41809573
2018-03-09,1.17417700,1.25226425,1.44647192,1.27861939,1.33855002,1.44277358
2018-03-12,1.17681546,1.25551399,1.44927824,1.27936359,1.34144314,1.44096308
2018-03-13,1.17706569,1.25272723,1.43733376,1.27620036,1.33504070,1.43165059
2018-03-14,1.18002897,1.25508351,1.43252371,1.27491911,1.33545413,1.42430426
2018-03-15,1.17804444,1.25219474,1.42919416,1.27403014,1.33210775,1.42275166
2018-03-16,1.17590220,1.25039484,1.43096565,1.27450389,1.33111845,1.42429455
2018-03-19,1.16971208,1.24170418,1.40974060,1.26883260,1.31887940,1.40502357
2018-03-20,1.16710584,1.24107847,1.41196613,1.26943353,1.32023261,1.40741327
2018-03-21,1.17152498,1.24642204,1.41175465,1.26937649,1.32505447,1.40471154
2018-03-22,1.16566062,1.23345679,1.37805742,1.26028685,1.30280329,1.36959788
2018-03-23,1.16063984,1.22366626,1.34627682,1.25156747,1.28636457,1.34040564
2018-03-26,1.17044057,1.24045447,1.38503913,1.26237809,1.31175591,1.37707783
2018-03-27,1.16817970,1.23128723,1.35330263,1.25370033,1.29493556,1.35365116
2018-03-28,1.16586466,1.22748590,1.34663053,1.25184602,1.29027867,1.34965167
2018-03-29,1.17338071,1.23821102,1.36512629,1.25700420,1.30439874,1.36689696
2018-04-02,1.16898883,1.22831442,1.33352080,1.24827352,1.28707937,1.33739295
2018-04-03,1.16796327,1.23058188,1.34862691,1.25251565,1.29433153,1.35453430
2018-04-04,1.17091660,1.23543285,1.36071355,1.25588323,1.30213248,1.36902642
2018-04-05,1.16911309,1.23547314,1.36801344,1.25790448,1.30555648,1.37983127
2018-04-06,1.16810647,1.22894428,1.33751389,1.24949107,1.29104826,1.34908030
2018-04-09,1.17222600,1.23325853,1.34331568,1.25111707,1.29611605,1.35572910
2018-04-10,1.17804813,1.24397614,1.36905537,1.25830898,1.31233967,1.37728573
2018-04-11,1.17969813,1.24546567,1.36422029,1.25697579,1.31216691,1.37006548
2018-04-12,1.17611911,1.24388565,1.37324799,1.25947120,1.31433400,1.38133729
2018-04-13,1.17811212,1.24358740,1.36496229,1.25719143,1.31180512,1.37728573
2018-04-16,1.18136462,1.24755086,1.37274507,1.25934192,1.31735709,1.38860934
2018-04-17,1.18683499,1.25499266,1.38845039,1.26366429,1.32740315,1.40346494
2018-04-18,1.18380337,1.25465635,1.39371623,1.26510206,1.32968462,1.40450427
2018-04-19,1.17701996,1.24721461,1.38416632,1.26250147,1.32182991,1.39671273
2018-04-20,1.16843750,1.23701056,1.36716740,1.25785004,1.31034703,1.38486955
2018-04-23,1.16641305,1.23360593,1.36228354,1.25650204,1.30638140,1.38466156
2018-04-24,1.16071710,1.22692833,1.34441609,1.25155803,1.29726178,1.36601410
2018-04-25,1.15636907,1.22213173,1.34260350,1.25105181,1.29347640,1.36939052
2018-04-26,1.16264300,1.23062267,1.36305111,1.25676780,1.30433151,1.38331128
2018-04-27,1.16791784,1.23534402,1.36656345,1.25773934,1.30791874,1.38461012
2018-04-30,1.16427821,1.23003890,1.35655095,1.25497479,1.30052670,1.37396129
2018-05-01,1.16089796,1.22812315,1.36030763,1.25601740,1.30034106,1.37640269
2018-05-02,1.15812743,1.22542505,1.35099433,1.25343762,1.29685181,1.36715675
2018-05-03,1.16126894,1.22746729,1.34897396,1.25287527,1.29736689,1.36414353
2018-05-04,1.16690289,1.23497793,1.36537034,1.25744377,1.30776258,1.38180480
2018-05-07,1.16722297,1.23619345,1.36804541,1.25818286,1.31021734,1.38647979
2018-05-08,1.16681594,1.23705030,1.37014756,1.25876286,1.31189287,1.38647979
2018-05-09,1.16656773,1.23818880,1.38042534,1.26159554,1.31605660,1.39988125
2018-05-10,1.17588208,1.24932409,1.39909361,1.26671392,1.32870664,1.41297094
2018-05-11,1.17804816,1.25065161,1.39929124,1.26676759,1.32986558,1.41728273
2018-05-14,1.17473049,1.24795402,1.40090195,1.26720504,1.32836183,1.41795778
2018-05-15,1.16205286,1.23413743,1.38287179,1.26231222,1.31447399,1.40819209
2018-05-16,1.16121420,1.23694190,1.39480012,1.26557874,1.32054166,1.41411350
2018-05-17,1.15875998,1.23358011,1.38552372,1.26305364,1.31709064,1.41291878
2018-05-18,1.16195008,1.23451280,1.37810541,1.26102487,1.31532540,1.40938680
2018-05-21,1.16536733,1.23893417,1.38692953,1.26344720,1.32156605,1.41998338
2018-05-22,1.16346372,1.23708032,1.38663620,1.26336704,1.31944461,1.41603560
2018-05-23,1.16692867,1.23989181,1.39161185,1.26472703,1.32120982,1.41993159
2018-05-24,1.17202635,1.24346583,1.38803037,1.26375056,1.32235845,1.41702259
2018-05-25,1.17290680,1.24417569,1.38929296,1.26409542,1.32190145,1.41364617
2018-05-29,1.17796277,1.24420268,1.37114826,1.25914255,1.31450525,1.39738769
2018-05-30,1.18085153,1.24979875,1.38414856,1.26272405,1.32470406,1.41603560
2018-05-31,1.17683861,1.24581987,1.38082225,1.26181370,1.31991069,1.40736093
2018-06-01,1.17699608,1.24962223,1.39513252,1.26573677,1.32830230,1.42117819
2018-06-04,1.17493301,1.25072570,1.40401128,1.26815335,1.33286141,1.42793075
2018-06-05,1.17712685,1.25256190,1.40869988,1.26942383,1.33419938,1.42896945
2018-06-06,1.17681888,1.25554365,1.41876501,1.27214483,1.34143493,1.44091695
2018-06-07,1.18089064,1.25474674,1.41229054,1.27040321,1.33656314,1.44076111
2018-06-08,1.18072931,1.25463249,1.41512702,1.27116867,1.33722029,1.44502030
2018-06-11,1.18139605,1.25597545,1.41773336,1.27187103,1.33948674,1.44694195
2018-06-12,1.18036536,1.25538824,1.42298334,1.27328398,1.33931305,1.44881207
2018-06-13,1.18002951,1.25437125,1.41957400,1.27236878,1.33740636,1.44418905
2018-06-14,1.18514172,1.25887523,1.42807994,1.27465595,1.34102425,1.44782535
2018-06-15,1.18049216,1.25301753,1.42595275,1.27408635,1.33468292,1.44597825
2018-06-18,1.17809413,1.24991586,1.42693830,1.27435053,1.33086216,1.44300405
2018-06-19,1.17814392,1.24794237,1.42379598,1.27350864,1.32638096,1.43747335
2018-06-20,1.17323471,1.24629107,1.43180442,1.27565757,1.32803143,1.43992537
2018-06-21,1.17268493,1.24210151,1.42020130,1.27255625,1.32006892,1.43089892
2018-06-22,1.17501710,1.24500855,1.41843937,1.27208263,1.32375480,1.43350812
2018-06-25,1.16940378,1.23487917,1.39363062,1.26540794,1.30838646,1.41399363
2018-06-26,1.16970439,1.23541275,1.39925824,1.26694090,1.30953380,1.41712456
2018-06-27,1.16938437,1.22929023,1.38157933,1.26213875,1.29778196,1.40538479
2018-06-28,1.17095640,1.23236486,1.38958294,1.26433226,1.30276203,1.41341965
2018-06-29,1.17121066,1.23496857,1.39118362,1.26476918,1.30726626,1.41545479
2018-07-02,1.16796540,1.23173384,1.39848178,1.26675967,1.30463180,1.41848105
2018-07-03,1.17238675,1.23520336,1.39329835,1.26535111,1.30613800,1.41347181
2018-07-05,1.17831891,1.24205202,1.40814484,1.26939605,1.31463921,1.42500296
2018-07-06,1.18281988,1.24930146,1.42338372,1.27351725,1.32464427,1.43705602
2018-07-09,1.18409347,1.25412669,1.43491378,1.27661208,1.33370702,1.44999572
2018-07-10,1.18466587,1.25338075,1.43481065,1.27658455,1.33278357,1.45521358
2018-07-11,1.17969278,1.24481751,1.42482695,1.27391973,1.32058131,1.44456934
2018-07-12,1.18440285,1.25238429,1.43961908,1.27788737,1.33126497,1.45766577
2018-07-13,1.18519599,1.25267124,1.43896923,1.27771431,1.33137303,1.45881409
2018-07-16,1.18263026,1.24940752,1.43552955,1.27679805,1.32799661,1.45750940
2018-07-17,1.18045801,1.24910997,1.44249934,1.27865778,1.33008116,1.46340509
2018-07-18,1.17916546,1.24797570,1.44395316,1.27904439,1.32975312,1.46648360
2018-07-19,1.17988570,1.24723937,1.44313998,1.27882830,1.32709016,1.46095290
2018-07-20,1.17548764,1.24596315,1.44052069,1.27813198,1.32856710,1.45928330
2018-07-23,1.16867032,1.24024751,1.44354100,1.27893593,1.32525526,1.46199645
2018-07-24,1.17269802,1.24413502,1.44281112,1.27874193,1.32957120,1.46935285
2018-07-25,1.17675445,1.25113525,1.45538979,1.28208642,1.33978617,1.48187585
2018-07-26,1.17260480,1.24511169,1.44950131,1.28053023,1.33261643,1.47837992
2018-07-27,1.17169361,1.24183566,1.43069710,1.27554658,1.32666970,1.46836163
2018-07-30,1.16795777,1.23686691,1.41840803,1.27225966,1.32051641,1.46069221
2018-07-31,1.17307771,1.24315954,1.42916540,1.27515435,1.32765463,1.46789242
2018-08-01,1.16608004,1.23675084,1.42986255,1.27534096,1.32234225,1.46543995
2018-08-02,1.16640356,1.23668116,1.44242322,1.27870194,1.32282725,1.47342347
2018-08-03,1.17112894,1.24089122,1.44428638,1.27919744,1.32673505,1.47973650
2018-08-06,1.17080463,1.24022428,1.45157658,1.28113451,1.32647887,1.48516324
2018-08-07,1.17067600,1.24236124,1.45609419,1.28233066,1.33111852,1.49006763
2018-08-08,1.17163967,1.24307724,1.45604361,1.28231730,1.33139772,1.48944132
2018-08-09,1.17473782,1.24510227,1.45633250,1.28239362,1.33171519,1.48740637
2018-08-10,1.17390847,1.24008413,1.44801230,1.28019568,1.32190145,1.47744068
2018-08-13,1.16757072,1.23194646,1.44284758,1.27882583,1.31285758,1.47191043
2018-08-14,1.16863901,1.23483487,1.45369497,1.28171012,1.31796945,1.48130250
2018-08-15,1.16351199,1.22366309,1.43806930,1.27757701,1.30172755,1.47024039
2018-08-16,1.16655647,1.22775516,1.44797062,1.28021590,1.30787284,1.48213681
2018-08-17,1.17120927,1.23346826,1.45185011,1.28124491,1.31441111,1.48735439
2018-08-20,1.17707793,1.23891860,1.45380641,1.28176284,1.31922872,1.49053757
2018-08-21,1.17754302,1.24287496,1.46229128,1.28400707,1.32600387,1.49403250
2018-08-22,1.18034506,1.24701766,1.46509288,1.28474508,1.33049412,1.49314676
2018-08-23,1.17755179,1.24167365,1.46225952,1.28399970,1.32346477,1.49116334
2018-08-24,1.18541058,1.25213809,1.47237821,1.28666525,1.33567369,1.50013781
2018-08-27,1.18746681,1.25705346,1.48197086,1.28918006,1.34430839,1.51198198
2018-08-28,1.18248212,1.25270430,1.48339315,1.28955124,1.34131583,1.51271251
2018-08-29,1.18659682,1.25827142,1.49319601,1.29210780,1.34846535,1.52085196
2018-08-30,1.18409497,1.25246306,1.48989744,1.29125150,1.33980733,1.51469477
2018-08-31,1.18172985,1.25142098,1.49245577,1.29228663,1.33959027,1.51474728
2018-09-04,1.17602076,1.24320803,1.48725282,1.28987455,1.33016100,1.51213898
2018-09-05,1.17364711,1.23779941,1.47819251,1.28566737,1.32236349,1.50806872
2018-09-06,1.17469251,1.23704423,1.46897734,1.28137610,1.31950156,1.50352897
2018-09-07,1.16822503,1.23076080,1.46588223,1.27993059,1.31373260,1.50060738
2018-09-10,1.17113223,1.23240411,1.46897920,1.28137839,1.31477812,1.50321577
2018-09-11,1.16859442,1.23169306,1.47516883,1.28426915,1.31642116,1.50817276
2018-09-12,1.17239718,1.23513835,1.47265949,1.28309949,1.31924017,1.50853821
2018-09-13,1.17495036,1.23961691,1.48092084,1.28695333,1.32596275,1.51746061
2018-09-14,1.17116282,1.23661001,1.48164371,1.28728967,1.32420534,1.51772103
2018-09-17,1.17091507,1.23322243,1.46667067,1.28032456,1.31791454,1.50968625
2018-09-18,1.16818245,1.23388137,1.47541447,1.28441126,1.32281434,1.51787767
2018-09-19,1.16688743,1.23439751,1.47377129,1.28364539,1.32507094,1.51949538
2018-09-20,1.17395110,1.24347002,1.48773012,1.29015491,1.33641153,1.53180922
2018-09-21,1.17181831,1.24100498,1.48219055,1.28758286,1.33386512,1.53040966
2018-09-24,1.16894534,1.23742603,1.48009695,1.28660911,1.32951539,1.52532615
2018-09-25,1.16910399,1.23880989,1.48106526,1.28705977,1.33169492,1.52391077
2018-09-26,1.17044804,1.23906071,1.47542408,1.28443508,1.33033589,1.51935025
2018-09-27,1.16924145,1.23891534,1.48099134,1.28702998,1.33147622,1.52359622
2018-09-28,1.16857838,1.23780518,1.48243401,1.28798474,1.32990550,1.52375304
2018-10-01,1.16569918,1.23409248,1.47865310,1.28469976,1.32700471,1.52904679
2018-10-02,1.17081439,1.23518740,1.47191998,1.27884982,1.32440392,1.52815602
2018-10-03,1.16110495,1.22787294,1.47701177,1.28327373,1.32043557,1.52899464
2018-10-04,1.15400654,1.21587436,1.45679983,1.26571296,1.30454489,1.51704427
2018-10-05,1.14806600,1.20894945,1.44375234,1.25437690,1.29666347,1.50855332
2018-10-08,1.14320000,1.20378707,1.43980482,1.25094717,1.29184994,1.50855332
2018-10-09,1.14755034,1.20646102,1.43879069,1.25006606,1.29227438,1.50635219
2018-10-10,1.13483827,1.18704915,1.38873727,1.20657810,1.26356115,1.45865636
2018-10-11,1.13872833,1.18753522,1.36395836,1.18504941,1.25638708,1.42652706
2018-10-12,1.14047117,1.19410673,1.38301429,1.20160579,1.26835470,1.44633884
2018-10-15,1.13990788,1.19220756,1.37655584,1.19599449,1.26458841,1.43821540
2018-10-16,1.14908985,1.20734753,1.41324196,1.22786854,1.28675473,1.46966272
2018-10-17,1.14556583,1.20255402,1.41149271,1.22634873,1.28166711,1.46992521
2018-10-18,1.13948855,1.19067559,1.38497453,1.20330891,1.26372414,1.44869769
2018-10-19,1.13907481,1.19057328,1.37941268,1.19847660,1.26401837,1.44791141
2018-10-22,1.13597321,1.18989576,1.37872442,1.19787862,1.26420697,1.44141224
2018-10-23,1.13634114,1.18767125,1.37057931,1.19080190,1.25895083,1.43407419
2018-10-24,1.12833103,1.16986905,1.31862730,1.14566438,1.22937670,1.39062379
2018-10-25,1.13251790,1.18036933,1.35123571,1.17399557,1.24688028,1.41557249
2018-10-26,1.13019073,1.17453729,1.32680513,1.15276953,1.23560160,1.39067640
2018-10-29,1.12620201,1.16691832,1.31282345,1.14062181,1.22537999,1.38297173
2018-10-30,1.12850501,1.17412306,1.33564983,1.16045407,1.23839745,1.40346548
2018-10-31,1.12871992,1.17756706,1.35176204,1.16993480,1.24613866,1.41845524
2018-11-01,1.13680315,1.19202161,1.37289228,1.18255531,1.26558423,1.43355039
2018-11-02,1.12917724,1.18643527,1.36457404,1.17761076,1.26149736,1.42505961
2018-11-05,1.13214983,1.18797747,1.36560110,1.17822242,1.26266540,1.43292129
2018-11-06,1.13351832,1.18973439,1.37417831,1.18332936,1.26587222,1.44198837
2018-11-07,1.14203240,1.20258994,1.40655801,1.20257118,1.28470570,1.47285966
2018-11-08,1.13983238,1.19641946,1.40146514,1.19956630,1.27574524,1.47018661
2018-11-09,1.13710983,1.18816834,1.38037037,1.18710603,1.26226008,1.45582568
2018-11-12,1.13114075,1.17689250,1.34874183,1.16833518,1.24425569,1.42862334
2018-11-13,1.13084781,1.17814012,1.34685014,1.16720434,1.24626917,1.42595021
2018-11-14,1.13115864,1.17842670,1.33707551,1.16135861,1.24519272,1.41620123
2018-11-15,1.13468564,1.18642237,1.35587621,1.17262787,1.25735263,1.43098210
2018-11-16,1.14016574,1.19073194,1.35653837,1.17302306,1.26053765,1.43470346
2018-11-19,1.13556574,1.18088180,1.32503831,1.15422570,1.24457860,1.41043629
2018-11-20,1.12826550,1.16956688,1.30044506,1.13944180,1.22783016,1.38433433
2018-11-21,1.13104972,1.17662278,1.31127509,1.14599028,1.23814249,1.38905158
2018-11-23,1.12864659,1.17279211,1.30478090,1.14207356,1.23232805,1.37977444
2018-11-26,1.13376099,1.18131544,1.32750196,1.15579804,1.24575050,1.40205000
2018-11-27,1.13346950,1.18055960,1.32682212,1.15538957,1.24517412,1.40676681
2018-11-28,1.14046829,1.19376579,1.36216468,1.17662811,1.26598176,1.43915878
2018-11-29,1.14191432,1.19320082,1.35846929,1.17442528,1.26330222,1.43601373
2018-11-30,1.14468675,1.19566087,1.36687078,1.17787436,1.26606564,1.44476654
2018-12-03,1.15545883,1.20888338,1.38364604,1.18497163,1.28204371,1.46389742
2018-12-04,1.15240388,1.19653468,1.35873223,1.17449615,1.25682898,1.41646345
2018-12-06,1.15247727,1.19565995,1.36266533,1.17616533,1.25468506,1.41431466
2018-12-07,1.14715352,1.18530406,1.33795987,1.16569591,1.23735475,1.38145123
2018-12-10,1.14805349,1.18480215,1.34532181,1.16884500,1.23591419,1.38407238
2018-12-11,1.14810641,1.18605974,1.34683348,1.16948982,1.23801376,1.38438702
2018-12-12,1.14960864,1.19158066,1.35104404,1.17128486,1.24723206,1.39135801
2018-12-13,1.14760661,1.18836460,1.34996216,1.17082436,1.24352503,1.39088619
2018-12-14,1.14130555,1.17840172,1.33225926,1.16328620,1.22834061,1.36520363
2018-12-17,1.13901400,1.17223600,1.31607032,1.15634609,1.21622666,1.33842050
2018-12-18,1.14226238,1.17613227,1.32097516,1.15846193,1.21968682,1.33695287
2018-12-19,1.14166801,1.16918013,1.30938600,1.15347205,1.20584445,1.31693113
2018-12-20,1.13823407,1.16609078,1.29436974,1.14697746,1.20037163,1.29549409
2018-12-21,1.12901493,1.15299591,1.27208561,1.13728257,1.18213765,1.26895025
2018-12-24,1.12485613,1.14624124,1.25247380,1.12867421,1.16935633,1.23542076
2018-12-26,1.13654358,1.16570299,1.29516183,1.14756094,1.20116781,1.29784062
2018-12-27,1.14107033,1.16958426,1.30021867,1.14976074,1.20547874,1.30780424
2018-12-28,1.14635800,1.17528891,1.30307967,1.15100284,1.21036319,1.30611711
2018-12-31,1.15142282,1.17961560,1.31219783,1.15388346,1.21508974,1.31755726
2019-01-02,1.15426410,1.18283972,1.31480800,1.15472479,1.21807219,1.31892804
2019-01-03,1.15379477,1.17673067,1.31331012,1.15424259,1.20395112,1.28745446
2019-01-04,1.15977464,1.19205671,1.31936638,1.15619365,1.23092696,1.33057879
2019-01-07,1.16200464,1.19694787,1.32305865,1.15737968,1.23864695,1.34107016
2019-01-08,1.16365449,1.20075766,1.32484843,1.15795357,1.24549308,1.35366942
2019-01-09,1.16716011,1.20777042,1.32905552,1.15930143,1.25526965,1.35999584
2019-01-10,1.16403662,1.20689911,1.32516055,1.15805607,1.25711736,1.36479367
2019-01-11,1.16574343,1.20684511,1.32781755,1.15890719,1.25548551,1.36532089
2019-01-14,1.16207056,1.20147058,1.32452407,1.15785353,1.24846095,1.35699107
2019-01-15,1.16394824,1.20602827,1.32721214,1.15871486,1.25670988,1.37254303
2019-01-16,1.16628990,1.21010546,1.33014061,1.15965202,1.26191109,1.37586442
2019-01-17,1.16883895,1.21388289,1.33303497,1.16057697,1.26757899,1.38630292
2019-01-18,1.16928266,1.21606520,1.33265371,1.16045529,1.27378163,1.40475488
2019-01-22,1.16760791,1.20915918,1.33124011,1.16000409,1.26071276,1.38577570
2019-01-23,1.16822453,1.21065396,1.33136305,1.16004336,1.26317698,1.38867571
2019-01-24,1.17141590,1.21544747,1.33381736,1.16082723,1.26838481,1.38941316
2019-01-25,1.17653777,1.22423253,1.34194909,1.16342135,1.28064947,1.40116993
2019-01-28,1.17391297,1.21958038,1.33966962,1.16269696,1.27356828,1.39052038
2019-01-29,1.17768826,1.22168922,1.34383846,1.16402320,1.27383133,1.38867571
2019-01-30,1.18491726,1.23323171,1.35316197,1.16698346,1.29019537,1.41065912
2019-01-31,1.19220018,1.24152073,1.36121951,1.16902930,1.29945870,1.42304813
2019-02-01,1.18873071,1.23750050,1.35353657,1.16704984,1.29589682,1.42373379
2019-02-04,1.18800992,1.23938508,1.35030412,1.16621372,1.30106104,1.43375037
2019-02-05,1.19319660,1.24617805,1.35972213,1.16865393,1.30901893,1.43976018
2019-02-06,1.19074940,1.24171882,1.35072491,1.16633405,1.30332333,1.43786254
2019-02-07,1.19017812,1.23774682,1.35027475,1.16621743,1.29485202,1.42415544
2019-02-08,1.19331239,1.23959129,1.35135789,1.16649808,1.29548917,1.42589517
2019-02-11,1.19013831,1.23740447,1.34588279,1.16508024,1.29453135,1.42668550
2019-02-12,1.19476178,1.24459918,1.34942187,1.16599934,1.30556516,1.44503217
2019-02-13,1.19287584,1.24230930,1.34275555,1.16427128,1.30409142,1.44972416
2019-02-14,1.19652613,1.24609611,1.34866021,1.16580722,1.30684909,1.44650834
2019-02-15,1.20396616,1.25389937,1.35140325,1.16651856,1.31649144,1.46227135
2019-02-19,1.21012453,1.26075974,1.36293778,1.16950551,1.32323155,1.46480186
2019-02-20,1.20917792,1.26120807,1.36341903,1.16962939,1.32520574,1.46775411
2019-02-21,1.20030253,1.25321415,1.35325956,1.16701476,1.31850204,1.46253473
2019-02-22,1.20662134,1.26088065,1.36255062,1.16941847,1.32719613,1.47160272
2019-02-25,1.20561254,1.26197408,1.36580022,1.17025516,1.33011146,1.47360593
2019-02-26,1.20893161,1.26370179,1.36724726,1.17062712,1.33038319,1.47255131
2019-02-27,1.20065639,1.25615558,1.35496625,1.16747265,1.32456130,1.47191907
2019-02-28,1.19673500,1.25081596,1.34501085,1.16489930,1.31868793,1.46917759
2019-03-01,1.19032829,1.24708209,1.33376551,1.16197746,1.31922443,1.47835115
2019-03-04,1.19208778,1.24744132,1.33671062,1.16274720,1.31741679,1.47297341
2019-03-05,1.19316460,1.24919991,1.34262638,1.16429096,1.31909909,1.47097002
2019-03-06,1.19261506,1.24547496,1.34136552,1.16396294,1.31219549,1.46206012
2019-03-07,1.19159675,1.23997344,1.33563099,1.16247011,1.30188980,1.44982955
2019-03-08,1.19587738,1.24276336,1.33919520,1.16340074,1.30270495,1.44692990
2019-03-11,1.19872473,1.25053952,1.34405480,1.16466725,1.31616501,1.46791238
2019-03-12,1.20496807,1.25635596,1.35223240,1.16679310,1.32131907,1.47344775
2019-03-13,1.20888705,1.26099608,1.35506353,1.16752596,1.32754082,1.48320077
2019-03-14,1.20199202,1.25407849,1.34415152,1.16470542,1.32171613,1.48225173
2019-03-15,1.20939368,1.26307542,1.35570730,1.16770934,1.33182124,1.48957494
2019-03-18,1.21081563,1.26644182,1.36073981,1.16900973,1.33697117,1.49497606
2019-03-19,1.21068411,1.26643961,1.36119492,1.16912703,1.33726289,1.49534690
2019-03-20,1.21684662,1.27122586,1.36961195,1.17129584,1.33948452,1.49084573
2019-03-21,1.22051753,1.27623606,1.36940629,1.17124307,1.34694394,1.50768457
2019-03-22,1.22073813,1.26643581,1.36420045,1.16990732,1.32612017,1.47866696
2019-03-25,1.22346715,1.26956227,1.36948528,1.17126696,1.32891943,1.47755497
2019-03-26,1.22481497,1.27209386,1.36828639,1.17095935,1.33365951,1.48856862
2019-03-27,1.22665580,1.27105933,1.36518034,1.17016192,1.32949021,1.48078500
2019-03-28,1.22576638,1.27132781,1.36334673,1.16969042,1.33110821,1.48639761
2019-03-29,1.22804339,1.27525879,1.36803325,1.17089666,1.33708851,1.49577053
2019-04-01,1.22494440,1.27746983,1.36730559,1.17070982,1.34610732,1.51350905
2019-04-02,1.22706257,1.27892278,1.36837361,1.17098416,1.34694257,1.51425037
2019-04-03,1.22357171,1.27881186,1.36689334,1.17060414,1.35021731,1.51663314
2019-04-04,1.22631428,1.28189359,1.37215350,1.17195558,1.35341949,1.52065682
2019-04-05,1.22859277,1.28592771,1.37578664,1.17288649,1.35919886,1.52801790
2019-04-08,1.22817041,1.28593484,1.37615236,1.17298003,1.35979244,1.52918330
2019-04-09,1.22875579,1.28456289,1.37906644,1.17372519,1.35574426,1.52134617
2019-04-10,1.23238808,1.29018085,1.38377607,1.17492770,1.36279671,1.52653507
2019-04-11,1.22562973,1.28266262,1.37019383,1.17146800,1.35588846,1.52611190
2019-04-12,1.22466516,1.28359056,1.36980975,1.17136949,1.35992675,1.53643736
2019-04-15,1.22534546,1.28304619,1.36773426,1.17083704,1.35840705,1.53543077
2019-04-16,1.22005474,1.28032149,1.36420246,1.16993003,1.35830204,1.53643736
2019-04-17,1.21933123,1.27975004,1.36485019,1.17009668,1.35756057,1.53267751
2019-04-18,1.22281681,1.28183295,1.36726614,1.17071804,1.35853318,1.53569550
2019-04-22,1.22038556,1.27909629,1.36211186,1.16939404,1.35622303,1.53701988
2019-04-23,1.22409231,1.28462048,1.36315967,1.16966391,1.36417552,1.55084029
2019-04-24,1.22757292,1.28541034,1.36204628,1.16937730,1.36191274,1.54739787
2019-04-25,1.22673205,1.28416190,1.36113965,1.16914379,1.36043473,1.54644468
2019-04-26,1.23222790,1.29012520,1.36745882,1.17077213,1.36689736,1.55364606
2019-04-29,1.22871017,1.28850393,1.36345729,1.16974434,1.36759942,1.55608206
2019-04-30,1.23243165,1.28976313,1.36676311,1.17059519,1.36681460,1.55687608
2019-05-01,1.22976485,1.28529940,1.35753888,1.16822510,1.35980663,1.54517390
2019-05-02,1.22538891,1.28234641,1.35563596,1.16773383,1.35793423,1.54183830
2019-05-03,1.23285268,1.29357810,1.37264233,1.17212857,1.37271898,1.55692914
2019-05-06,1.23193972,1.28947848,1.35854266,1.16851657,1.36547032,1.55052250
2019-05-07,1.22929533,1.28095643,1.33327121,1.16199559,1.34944841,1.52462907
2019-05-08,1.22607926,1.27762150,1.33090425,1.16137672,1.34640612,1.52251103
2019-05-09,1.22731686,1.27559790,1.32016348,1.15856493,1.34141401,1.51790411
2019-05-10,1.22960796,1.27857870,1.32555811,1.15998522,1.34581207,1.52552866
2019-05-13,1.22542747,1.26481872,1.28438527,1.14917621,1.32077186,1.48719208
2019-05-14,1.22757061,1.27059230,1.29896961,1.15309092,1.33059024,1.50064164
2019-05-15,1.23297611,1.27644599,1.30846338,1.15561920,1.33711433,1.50943213
2019-05-16,1.23333842,1.27732139,1.31477030,1.15729025,1.34059314,1.52341170
2019-05-17,1.22977754,1.26940871,1.29955352,1.15327201,1.32908276,1.51356192
2019-05-20,1.22604095,1.26371856,1.28754881,1.15007598,1.32133448,1.50355442
2019-05-21,1.22832488,1.26923149,1.30135776,1.15377635,1.33046479,1.51710973
2019-05-22,1.22960514,1.26798531,1.29595767,1.15234004,1.32664442,1.51245012
2019-05-23,1.23246054,1.26511864,1.27851289,1.14768657,1.31695827,1.49396983
2019-05-24,1.23522874,1.26877570,1.27969163,1.14800401,1.32163117,1.49735865
2019-05-28,1.23382039,1.26682739,1.27561523,1.14690694,1.31711601,1.48343304
2019-05-29,1.23254930,1.26497304,1.27202138,1.14593757,1.31338328,1.47347743
2019-05-30,1.24018554,1.27160283,1.27727380,1.14735710,1.31878161,1.47750237
2019-05-31,1.24483365,1.27314631,1.26621367,1.14437656,1.31444101,1.45759213
2019-06-03,1.25205045,1.27856891,1.26499137,1.14404515,1.31725438,1.45388596
2019-06-04,1.25460181,1.28592194,1.27219121,1.14599859,1.33199115,1.48544434
2019-06-05,1.25507281,1.28552425,1.27403047,1.14649563,1.33291848,1.49831157
2019-06-06,1.26031748,1.28979720,1.28016245,1.14815108,1.33727288,1.50805514
2019-06-07,1.27136897,1.30200156,1.29450196,1.15200932,1.35087203,1.52314660
2019-06-10,1.26546794,1.30046405,1.29117462,1.15112100,1.35395284,1.53013558
2019-06-11,1.26602182,1.30234827,1.29151086,1.15121093,1.35663927,1.52976510
2019-06-12,1.26631089,1.30063565,1.29158770,1.15123147,1.35303952,1.52706400
2019-06-13,1.27129906,1.30602443,1.29825469,1.15301422,1.35872394,1.53336578
2019-06-14,1.27130391,1.30265832,1.29736702,1.15277771,1.35284443,1.53167164
2019-06-17,1.27230395,1.30542377,1.30045480,1.15360081,1.35653313,1.53225416
2019-06-18,1.28156018,1.31844168,1.31112000,1.15643906,1.37284896,1.54829781
2019-06-19,1.28551889,1.32376597,1.31603579,1.15773981,1.37904764,1.55179275
2019-06-20,1.29812214,1.33750704,1.33231856,1.16203708,1.39378647,1.56661921
2019-06-21,1.29279155,1.33224473,1.32972794,1.16135923,1.38911860,1.56434183
2019-06-24,1.30080729,1.33737073,1.33962956,1.16395360,1.39104480,1.56242647
2019-06-25,1.29893674,1.33242925,1.33421349,1.16254185,1.38223989,1.54710184
2019-06-26,1.29268997,1.32913396,1.32935933,1.16127297,1.38154177,1.54555931
2019-06-27,1.29784229,1.33632191,1.33374222,1.16242159,1.38976949,1.55103974
2019-06-28,1.30068755,1.33990899,1.33521822,1.16292598,1.39471366,1.55902092
2019-07-01,1.29780405,1.33990444,1.34609223,1.16735826,1.39896259,1.57317476
2019-07-02,1.30917502,1.34862176,1.34630776,1.16744573,1.40493758,1.57727110
2019-07-03,1.31725567,1.35579657,1.35648379,1.17157534,1.41224334,1.58988204
2019-07-05,1.30530980,1.34540308,1.35626393,1.17148647,1.40427676,1.58807351
2019-07-08,1.30167668,1.33969756,1.34630936,1.16746252,1.39647478,1.57934687
2019-07-09,1.30231229,1.34037076,1.34972326,1.16884795,1.39715929,1.58131600
2019-07-10,1.30565736,1.34601919,1.35713799,1.17185297,1.40489050,1.58887095
2019-07-11,1.29664874,1.33788965,1.35566110,1.17125616,1.39942593,1.59259555
2019-07-12,1.30068128,1.34259144,1.36379135,1.17454348,1.40488729,1.59972570
2019-07-15,1.30411690,1.34530027,1.36301114,1.17422902,1.40663103,1.60025804
2019-07-16,1.29850092,1.33995982,1.35905925,1.17263572,1.40148018,1.59509630
2019-07-17,1.30649081,1.34526389,1.35050933,1.16918329,1.40227931,1.58424208
2019-07-18,1.31206506,1.35133604,1.35436687,1.17074620,1.40866718,1.59004210
2019-07-19,1.30438757,1.34299565,1.34595361,1.16734268,1.39987104,1.58120953
2019-07-22,1.30638815,1.34516661,1.35021749,1.16907334,1.40238180,1.58509329
2019-07-23,1.30504892,1.34542892,1.35936840,1.17278134,1.40571556,1.59642715
2019-07-24,1.31058665,1.35249587,1.37217622,1.17795256,1.41376533,1.60392923
2019-07-25,1.30300401,1.34255277,1.36012877,1.17311250,1.40221803,1.59626709
2019-07-26,1.30733141,1.34831352,1.37320343,1.17838999,1.40961995,1.60696250
2019-07-29,1.30897752,1.34865655,1.36774225,1.17619679,1.40867285,1.60403606
2019-07-30,1.30893093,1.34813638,1.36958951,1.17694022,1.40676296,1.60009816
2019-07-31,1.30519610,1.34092088,1.35457885,1.16513101,1.39533277,1.58259272
2019-08-01,1.31952596,1.34814237,1.35691830,1.16693395,1.39399330,1.56881134
2019-08-02,1.31991881,1.34379691,1.35103225,1.16239859,1.38472416,1.55699892
2019-08-05,1.31986452,1.33271748,1.32936181,1.14569338,1.35977805,1.51017543
2019-08-06,1.33239404,1.34585150,1.34532093,1.15801674,1.37423737,1.53135241
2019-08-07,1.33756211,1.35178223,1.34816828,1.16021270,1.38005907,1.53225668
2019-08-08,1.34840307,1.36558006,1.36772851,1.17529481,1.39822808,1.56232000
2019-08-09,1.34297136,1.35759199,1.35942702,1.16890339,1.38799448,1.55167801
2019-08-12,1.35233346,1.36066210,1.35815877,1.16792632,1.38283313,1.53278902
2019-08-13,1.35545664,1.36747634,1.37356917,1.17979968,1.39488064,1.55662628
2019-08-14,1.35625683,1.35821793,1.35666400,1.16678984,1.37210289,1.51060131
2019-08-15,1.36600824,1.36558702,1.36236724,1.17118462,1.37708811,1.51459190
2019-08-16,1.36641441,1.37153748,1.37271899,1.17915794,1.38964947,1.53693913
2019-08-19,1.35985137,1.36940521,1.37896458,1.18396477,1.39405576,1.55545566
2019-08-20,1.36490408,1.37234082,1.37663611,1.18217354,1.39303301,1.54353712
2019-08-21,1.36397461,1.37466714,1.38138470,1.18582715,1.39940755,1.55609429
2019-08-22,1.35900459,1.36849987,1.37669587,1.18222081,1.39342862,1.55561518
2019-08-23,1.36329398,1.36430251,1.35792782,1.16778057,1.37764614,1.51565586
2019-08-26,1.36605266,1.36976409,1.36794033,1.17549533,1.38687035,1.53241656
2019-08-27,1.37628770,1.37582019,1.37221517,1.17878664,1.38788108,1.52640379
2019-08-28,1.37878876,1.37906955,1.37766183,1.18297879,1.39255133,1.53715207
2019-08-29,1.38029106,1.38477588,1.38880885,1.19155485,1.40338421,1.55678598
2019-08-30,1.38008039,1.38527646,1.38762046,1.19089391,1.40434634,1.55609429
2019-09-03,1.38249596,1.38421869,1.38970058,1.19142947,1.39970910,1.54699591
2019-09-04,1.39124495,1.39567449,1.39997237,1.19407136,1.41419640,1.56455458
2019-09-05,1.37888410,1.39110406,1.38886888,1.19123023,1.41910650,1.58466760
2019-09-06,1.38133208,1.39230684,1.38775861,1.19094455,1.41939842,1.58589127
2019-09-09,1.37032788,1.38644932,1.37684737,1.18813541,1.41867265,1.58668978
2019-09-10,1.35772652,1.37862188,1.36355524,1.18469432,1.41583499,1.58631714
2019-09-11,1.36171181,1.38628662,1.36977128,1.18631452,1.42672034,1.59759795
2019-09-12,1.36050467,1.38714414,1.36961716,1.18627447,1.43006377,1.60313125
2019-09-13,1.34621350,1.37750110,1.35445586,1.18233495,1.42581508,1.60206675
2019-09-16,1.35364265,1.38185807,1.36196213,1.18430067,1.42592259,1.59711830
2019-09-17,1.35869860,1.38581388,1.36750277,1.18574604,1.42908125,1.60116213
2019-09-18,1.35942246,1.38440674,1.36638294,1.18545474,1.42636722,1.60212034
2019-09-19,1.36275297,1.38625856,1.37035488,1.18648854,1.42699590,1.60201369
2019-09-20,1.37184090,1.39217153,1.37695670,1.18820335,1.42827792,1.59444490
2019-09-23,1.37289849,1.39319136,1.37963070,1.18889558,1.42892817,1.59407010
2019-09-24,1.37814950,1.39257036,1.38149787,1.18937829,1.42213719,1.58156221
2019-09-25,1.36590672,1.38491031,1.37139125,1.18676795,1.42036539,1.59091669
2019-09-26,1.36932810,1.38577128,1.37251940,1.18706083,1.41887916,1.58760268
2019-09-27,1.36688604,1.37965979,1.36561108,1.18526838,1.40981031,1.57904959
2019-09-30,1.36602444,1.38006609,1.36399262,1.18483013,1.41215168,1.58637271
2019-10-01,1.36375623,1.37473818,1.36198687,1.18429277,1.40244780,1.56750333
2019-10-02,1.35944475,1.36856758,1.36037632,1.18386085,1.39115342,1.53981378
2019-10-03,1.36986902,1.37931815,1.37028201,1.18651957,1.40222315,1.55242922
2019-10-04,1.38014262,1.38943699,1.37983558,1.18907097,1.41371813,1.57343643
2019-10-07,1.37103230,1.38115247,1.37011687,1.18648790,1.40656117,1.56664798
2019-10-08,1.36825979,1.37560043,1.36824961,1.18598918,1.39614788,1.54232604
2019-10-09,1.36961572,1.37904022,1.37042237,1.18657004,1.40293522,1.55697230
2019-10-10,1.36175989,1.37574480,1.36272056,1.18451330,1.40539309,1.56750333
2019-10-11,1.35906620,1.37969626,1.35929142,1.18359398,1.41667243,1.58375326
2019-10-14,1.36348619,1.38181842,1.36388979,1.18482891,1.41625759,1.58199006
2019-10-15,1.35954998,1.38277905,1.35972584,1.18371326,1.42345965,1.59765190
2019-10-16,1.36152119,1.38496743,1.36214651,1.18436321,1.42514611,1.59508641
2019-10-17,1.36189516,1.38759176,1.36302870,1.18459978,1.42975170,1.59978972
2019-10-18,1.35995588,1.38397682,1.36055542,1.18393682,1.42454740,1.59278762
2019-10-21,1.35737014,1.38515766,1.35805507,1.18326577,1.43008489,1.60358554
2019-10-22,1.36011464,1.38664532,1.36055112,1.18393652,1.42946398,1.59834736
2019-10-23,1.36313732,1.38944168,1.36339334,1.18469934,1.43254338,1.60299709
2019-10-24,1.36483401,1.39210104,1.36645775,1.18552060,1.43599005,1.60561690
2019-10-25,1.36426526,1.39420601,1.36715990,1.18570848,1.44070153,1.61219115
2019-10-28,1.35911432,1.39299946,1.36166394,1.18423837,1.44415537,1.62127874
2019-10-29,1.35855728,1.39117714,1.36056842,1.18394452,1.44161479,1.62079801
2019-10-30,1.37028614,1.40061269,1.37108637,1.18676737,1.44847873,1.62576966
2019-10-31,1.37979745,1.40630242,1.38060438,1.18923392,1.44958881,1.62143934
2019-11-01,1.38281976,1.41369449,1.38387092,1.19007804,1.46142535,1.63645985
2019-11-04,1.37635754,1.41178301,1.37832608,1.18864754,1.46448086,1.64303500
2019-11-05,1.36439259,1.40328666,1.36521721,1.18525607,1.45969026,1.64121749
2019-11-06,1.36918014,1.40541733,1.37002716,1.18650884,1.45946345,1.64159174
2019-11-07,1.35577858,1.39658081,1.35627074,1.18293473,1.45660237,1.64736478
2019-11-08,1.35232792,1.39309975,1.35260623,1.18197588,1.45430028,1.65142713
2019-11-11,1.35117500,1.39084531,1.35096303,1.18154510,1.45112457,1.64827354
2019-11-12,1.35540719,1.39340011,1.35519593,1.18265572,1.45248952,1.65174780
2019-11-13,1.35996164,1.39506063,1.36008125,1.18393472,1.45157867,1.65228284
2019-11-14,1.36732643,1.40018433,1.36732989,1.18582768,1.45423075,1.65468773
2019-11-15,1.36942260,1.40396440,1.36898116,1.18625730,1.46055386,1.66666166
2019-11-18,1.37176384,1.40536346,1.37149949,1.18691196,1.46125044,1.66789090
2019-11-19,1.37651968,1.40969008,1.37540791,1.18792668,1.46428202,1.66741000
2019-11-20,1.38056212,1.41064565,1.37867842,1.18877409,1.46149267,1.66120911
2019-11-21,1.37450906,1.40485246,1.37254572,1.18718771,1.45650016,1.65853624
2019-11-22,1.37590564,1.40619509,1.37329054,1.18738098,1.45820257,1.66222505
2019-11-25,1.38012827,1.41441658,1.37598642,1.18808025,1.47006413,1.67510738
2019-11-26,1.38572407,1.41836083,1.38191464,1.18961585,1.47256961,1.67890302
2019-11-27,1.38444330,1.41889353,1.38018824,1.18917000,1.47553113,1.68638675
2019-11-29,1.38268477,1.41427465,1.38035531,1.18915954,1.46848365,1.68013209
2019-12-02,1.37085428,1.40364654,1.36632177,1.18409333,1.45847516,1.66586045
2019-12-03,1.38299475,1.41110929,1.35824986,1.18116193,1.45930139,1.65468773
2019-12-04,1.38018179,1.41166281,1.36645535,1.18415213,1.46420250,1.66489792
2019-12-05,1.37787405,1.41076216,1.36862745,1.18494091,1.46483669,1.66789090
2019-12-06,1.37628324,1.41250533,1.38300483,1.19015716,1.47132349,1.68312651
2019-12-09,1.37562837,1.41058714,1.37858599,1.18856364,1.46777222,1.67783402
2019-12-10,1.37614508,1.41171699,1.37797351,1.18834236,1.46892744,1.67596309
2019-12-11,1.38450720,1.42082557,1.38156889,1.18964167,1.47784067,1.68072036
2019-12-12,1.37778580,1.41997022,1.39294192,1.19374547,1.48392165,1.69520637
2019-12-13,1.38705664,1.42713755,1.39296502,1.19375376,1.48870931,1.69622250
2019-12-16,1.38566419,1.42964027,1.40408869,1.19774851,1.49595371,1.70787505
2019-12-17,1.38408542,1.43010861,1.40680165,1.19871830,1.49757290,1.70824948
2019-12-18,1.37908928,1.42755477,1.40810053,1.19918209,1.49730585,1.70835667
2019-12-19,1.38227670,1.43107462,1.41497811,1.20163654,1.50143235,1.71535913
2019-12-20,1.38504659,1.43375679,1.41963028,1.20329210,1.50463512,1.72287973
2019-12-23,1.38585068,1.43529081,1.42254391,1.20432700,1.50693731,1.72551123
2019-12-24,1.39016961,1.43897581,1.42388848,1.20480401,1.50949429,1.72556500
2019-12-26,1.39644423,1.44592227,1.43060346,1.20718497,1.51724231,1.73475115
2019-12-27,1.39713884,1.44631883,1.42773760,1.20617158,1.51734383,1.73432114
2019-12-30,1.39252791,1.44101625,1.42078955,1.20371183,1.51078549,1.72475930
2019-12-31,1.38876962,1.43926164,1.42349118,1.20432684,1.51179260,1.72894952
2020-01-02,1.40242464,1.45445707,1.43616660,1.20754400,1.52814504,1.74511852
2020-01-03,1.41107578,1.45702605,1.42627974,1.20505011,1.52313395,1.73190420
2020-01-06,1.41271909,1.45945783,1.43178983,1.20644674,1.52701803,1.73851100
2020-01-07,1.40949053,1.45691409,1.42879396,1.20568943,1.52469272,1.73362262
2020-01-08,1.40565973,1.45562344,1.43638584,1.20761135,1.52698334,1.74286218
2020-01-09,1.40893230,1.45935345,1.44426874,1.20959957,1.53206209,1.75467983
2020-01-10,1.41449431,1.46365169,1.43984870,1.20848901,1.53365962,1.74963013
2020-01-13,1.41373552,1.46698507,1.45180115,1.21149858,1.54137331,1.76166323
2020-01-14,1.41615220,1.46806384,1.45093667,1.21128216,1.54090058,1.75897741
2020-01-15,1.42275336,1.47256113,1.45455031,1.21218719,1.54356817,1.76295272
2020-01-16,1.42406701,1.47686612,1.46948736,1.21592164,1.55163575,1.77761768
2020-01-17,1.42099744,1.47577817,1.47210703,1.21657193,1.55325243,1.78315062
2020-01-21,1.42587135,1.47416270,1.46686289,1.21527178,1.54607318,1.77965856
2020-01-22,1.42844234,1.47760329,1.46789325,1.21552787,1.54964638,1.77987348
2020-01-23,1.43349055,1.47995083,1.46970690,1.21597842,1.54968644,1.78191508
2020-01-24,1.43624666,1.47887597,1.45520051,1.21237782,1.54349156,1.76606818
2020-01-27,1.43887989,1.47199418,1.43189173,1.20655201,1.52564786,1.73775853
2020-01-28,1.43666062,1.47389598,1.44819496,1.21067328,1.53331208,1.75596932
2020-01-29,1.44401661,1.47969366,1.44582858,1.21007980,1.53665835,1.75451904
2020-01-30,1.44523594,1.47852190,1.44910907,1.21090348,1.53473553,1.76021259
2020-01-31,1.44332713,1.47022477,1.42265991,1.20427305,1.51785888,1.72825118
2020-02-03,1.44401942,1.47492522,1.42979308,1.20608451,1.52651369,1.74108926
2020-02-04,1.43991619,1.47974520,1.44176594,1.20911437,1.54162348,1.76762618
2020-02-05,1.43929204,1.48230019,1.44949115,1.21105796,1.54952463,1.78803864
2020-02-06,1.44536244,1.48783468,1.45789097,1.21316339,1.55467508,1.79405537
2020-02-07,1.45051058,1.48723844,1.45449668,1.21231604,1.54798108,1.78449317
2020-02-10,1.45616050,1.49406659,1.46522220,1.21499794,1.55640599,1.79781522
2020-02-11,1.45360061,1.49522187,1.46447179,1.21481126,1.56090490,1.80093104
2020-02-12,1.45316374,1.49873866,1.47197527,1.21667855,1.56853700,1.81253413
2020-02-13,1.45588266,1.49894255,1.47361700,1.21708565,1.56620716,1.81060025
2020-02-14,1.46025805,1.50197094,1.47786307,1.21813772,1.56797158,1.81350080
2020-02-18,1.46657270,1.50592017,1.48309731,1.21943202,1.56851141,1.80882734
2020-02-19,1.47065911,1.51209276,1.49308243,1.22189501,1.57655454,1.81747574
2020-02-20,1.47440264,1.51178600,1.48845023,1.22075776,1.57191898,1.81000892
2020-02-21,1.48027404,1.51269207,1.48126501,1.21898986,1.56615249,1.79136938
2020-02-24,1.47377854,1.49405459,1.45028499,1.21134147,1.53139906,1.73195797
2020-02-25,1.45743198,1.47341503,1.41384977,1.20221178,1.50296215,1.67947583
2020-02-26,1.45423066,1.47214377,1.41660499,1.20291462,1.50257441,1.67329868
2020-02-27,1.43959089,1.44918824,1.37184457,1.19151208,1.46549309,1.59814738
2020-02-28,1.44000248,1.44427605,1.35359142,1.18594439,1.45598741,1.59143321
2020-03-02,1.45541394,1.46627845,1.38245166,1.19477767,1.48921905,1.66035214
2020-03-03,1.46255385,1.46743121,1.37171243,1.19153535,1.47879755,1.61281269
2020-03-04,1.47695284,1.48755441,1.39405114,1.19831406,1.51069825,1.68060382
2020-03-05,1.48259888,1.48272381,1.38172858,1.19461375,1.48986780,1.62473771
2020-03-06,1.50709197,1.49233373,1.38848519,1.19665445,1.48214271,1.59787887
2020-03-09,1.48259200,1.44493539,1.33727805,1.18123733,1.40551916,1.47309328
2020-03-10,1.46908992,1.45055515,1.36135273,1.18866617,1.43618784,1.54931844
2020-03-11,1.41863048,1.39599019,1.30375412,1.17109719,1.37590789,1.47379180
2020-03-12,1.35941364,1.31507149,1.22309448,1.14578681,1.26945761,1.33278352
2020-03-13,1.37626455,1.34854631,1.27780282,1.16369050,1.32688683,1.44671831
2020-03-16,1.35745011,1.29042118,1.20121354,1.13932435,1.22518129,1.28841285
2020-03-17,1.34839625,1.30669440,1.23247727,1.14968324,1.26721402,1.35797699
2020-03-18,1.28462178,1.23948621,1.16132504,1.12649685,1.19868752,1.28921847
2020-03-19,1.29715527,1.25379222,1.17719508,1.13187459,1.21217951,1.29195806
2020-03-20,1.32665805,1.27090179,1.19422845,1.13759590,1.20856813,1.23628204
2020-03-23,1.35190882,1.28701400,1.20140011,1.13998242,1.21031965,1.20467258
2020-03-24,1.39847553,1.34736296,1.25504755,1.15776541,1.28800812,1.31381998
2020-03-25,1.40306306,1.35556802,1.26574517,1.16121282,1.30121829,1.33348788
2020-03-26,1.43756660,1.39644703,1.30601514,1.17411883,1.35207649,1.41135026
2020-03-27,1.43672456,1.37950235,1.27791616,1.16529414,1.32007813,1.36931238
2020-03-30,1.44815616,1.39535936,1.29693036,1.17135113,1.34342241,1.41378150
2020-03-31,1.42649456,1.37896452,1.29266270,1.17016590,1.32991518,1.39270865
2020-04-01,1.41475232,1.35298822,1.28403513,1.16782290,1.28825397,1.33003008
2020-04-02,1.43479720,1.37453425,1.30245402,1.17284847,1.31196178,1.36072071
2020-04-03,1.42906802,1.36288497,1.29946901,1.17204207,1.29482127,1.34105272
2020-04-06,1.46855095,1.41390174,1.34130923,1.18336327,1.35919260,1.43112607
2020-04-07,1.46151522,1.41014412,1.33405095,1.18144220,1.35882538,1.43258498
2020-04-08,1.46834394,1.42172167,1.33629593,1.18203865,1.37874937,1.48067502
2020-04-09,1.48670218,1.44179765,1.34938571,1.18551227,1.40069681,1.50320741
2020-04-13,1.48128378,1.43743816,1.35784826,1.18774272,1.39559088,1.48948214
2020-04-14,1.49769158,1.45902620,1.38098353,1.19381382,1.42381476,1.53341182
2020-04-15,1.50008412,1.44949438,1.38554861,1.19499772,1.40163401,1.50082859
2020-04-16,1.50909293,1.45722236,1.39881872,1.19843126,1.40802952,1.50806944
2020-04-17,1.50894946,1.46552354,1.38797497,1.19564416,1.42746073,1.54881055
2020-04-20,1.50719091,1.46048833,1.38951423,1.19604195,1.41651719,1.52152404
2020-04-21,1.49819575,1.44349201,1.37509434,1.19231832,1.38970192,1.47532552
2020-04-22,1.50909789,1.46041750,1.39302925,1.19698362,1.41306095,1.50806944
2020-04-23,1.51519885,1.46548670,1.39912638,1.19855534,1.41631834,1.50796135
2020-04-24,1.52264010,1.47393130,1.40557710,1.20021313,1.42746905,1.52898061
2020-04-27,1.51614991,1.47812066,1.39751333,1.19814746,1.44180215,1.55102571
2020-04-28,1.52147059,1.48214234,1.39202612,1.19673613,1.44336681,1.54389430
2020-04-29,1.53409948,1.50608285,1.40864014,1.20102109,1.47745693,1.58431061
2020-04-30,1.51370127,1.48194495,1.39445757,1.19739343,1.45225313,1.56955968
2020-05-01,1.50741616,1.46462690,1.38820566,1.19578291,1.42375426,1.52800801
2020-05-04,1.50653740,1.46767115,1.39304509,1.19703350,1.42943490,1.53222269
2020-05-05,1.50769512,1.47133092,1.39730645,1.19813203,1.43628482,1.54637976
2020-05-06,1.48955292,1.45785043,1.38667059,1.19539608,1.42674033,1.53589711
2020-05-07,1.51195140,1.47863093,1.40744023,1.20076750,1.44587076,1.55443054
2020-05-08,1.51074576,1.48723168,1.40495063,1.20013029,1.46402826,1.58014988
2020-05-11,1.50367039,1.48151047,1.40256158,1.19951806,1.46041492,1.58047450
2020-05-12,1.50172950,1.47311762,1.39939041,1.19870444,1.44390540,1.54897295
2020-05-13,1.50112752,1.46793334,1.40130435,1.19919628,1.43222132,1.52157835
2020-05-14,1.51355178,1.47761029,1.41531259,1.20279263,1.44031098,1.53978735
2020-05-15,1.51565317,1.48014047,1.41982397,1.20394282,1.44387030,1.54686552
2020-05-18,1.51718278,1.49709244,1.41467185,1.20263219,1.47685183,1.59398287
2020-05-19,1.51653477,1.49305565,1.41980463,1.20394123,1.46822040,1.57761082
2020-05-20,1.52912754,1.51049179,1.43179565,1.20699161,1.49059177,1.60441085
2020-05-21,1.52155311,1.50129200,1.42083309,1.20421921,1.47970935,1.59333453
2020-05-22,1.52770936,1.50364743,1.42811947,1.20607187,1.47941870,1.59636007
2020-05-26,1.52362057,1.50760445,1.41368377,1.20241451,1.49239869,1.61602797
2020-05-27,1.53079116,1.51762122,1.41623963,1.20306667,1.50661958,1.64007277
2020-05-28,1.53012750,1.51364055,1.41546868,1.20287020,1.50130655,1.63704723
2020-05-29,1.53844609,1.52290156,1.42922353,1.20637688,1.51023478,1.64434212
2020-06-01,1.54050076,1.53100233,1.42963864,1.20648199,1.52314666,1.65098795
2020-06-02,1.54078116,1.53626434,1.42801592,1.20607117,1.53322774,1.66465836
2020-06-03,1.53504707,1.53900686,1.41504516,1.20278472,1.54578769,1.68681191
2020-06-04,1.52722733,1.53091035,1.40987284,1.20146578,1.53840703,1.68238051
2020-06-05,1.52896322,1.54164794,1.40631470,1.20055613,1.56044343,1.72549990
2020-06-08,1.54178146,1.55584744,1.41682724,1.20324846,1.57671775,1.74635730
2020-06-09,1.54740775,1.55758928,1.43016693,1.20664710,1.57277789,1.73333505
2020-06-10,1.55927604,1.56613589,1.44978560,1.21161285,1.57582513,1.72366224
2020-06-11,1.53762564,1.52638302,1.43148816,1.20702540,1.51334569,1.62429565
2020-06-12,1.53919627,1.53527989,1.43135604,1.20699198,1.52938973,1.64374755
2020-06-15,1.54339477,1.54111588,1.43657480,1.20831219,1.53778290,1.65909322
2020-06-16,1.54281497,1.54644984,1.43721961,1.20847490,1.55170224,1.69102694
2020-06-17,1.54503353,1.54809404,1.44163152,1.20958782,1.55177632,1.68400236
2020-06-18,1.55074201,1.55191645,1.44707536,1.21095810,1.55321967,1.68465016
2020-06-19,1.55179101,1.55282265,1.45270461,1.21237132,1.55225748,1.67502340
2020-06-22,1.55842482,1.56310241,1.46170078,1.21462367,1.56539124,1.68576844
2020-06-23,1.55935965,1.56755634,1.46661994,1.21584997,1.57300993,1.69352913
2020-06-24,1.55096966,1.55250747,1.46008181,1.21422391,1.54825404,1.65032918
2020-06-25,1.55923067,1.56232430,1.46582435,1.21565658,1.56065293,1.66802183
2020-06-26,1.55584928,1.55251954,1.46169668,1.21462962,1.54153887,1.62840404
2020-06-29,1.56119965,1.56233468,1.46574070,1.21563776,1.55658234,1.65233751
2020-06-30,1.56441702,1.56785054,1.47511464,1.21797009,1.56578969,1.67350352
2020-07-01,1.56511325,1.56956230,1.47769557,1.21860939,1.56976813,1.68522603
2020-07-02,1.57047482,1.57872065,1.48261494,1.21982645,1.58172062,1.69450641
2020-07-06,1.57861157,1.59563218,1.49570030,1.22305626,1.60624543,1.72066530
2020-07-07,1.58364125,1.59334999,1.50241976,1.22470464,1.59571554,1.70291833
2020-07-08,1.58750253,1.60335354,1.51012667,1.22658933,1.61049353,1.71594327
2020-07-09,1.59326258,1.60516957,1.52102025,1.22924380,1.60689207,1.70617443
2020-07-10,1.59492954,1.60829273,1.52061898,1.22914652,1.61373170,1.72359588
2020-07-13,1.59295614,1.60141861,1.51249751,1.22717709,1.60209590,1.70867104
2020-07-14,1.60323733,1.61236722,1.51914236,1.22879450,1.61555053,1.73081361
2020-07-15,1.60599186,1.62055276,1.51825576,1.22857935,1.62903356,1.74671483
2020-07-16,1.60365390,1.61396854,1.51242335,1.22716347,1.61941606,1.74096247
2020-07-17,1.60714143,1.61860780,1.51610426,1.22805947,1.62511767,1.74600948
2020-07-20,1.61465732,1.62930816,1.53412049,1.23243746,1.63839128,1.76012033
2020-07-21,1.62039190,1.63615363,1.53526044,1.23271220,1.64536833,1.76386525
2020-07-22,1.63050092,1.64380265,1.54637227,1.23538881,1.65154032,1.77390459
2020-07-23,1.63527380,1.64338228,1.54347885,1.23469535,1.64386619,1.75273911
2020-07-24,1.63452277,1.63988690,1.54297659,1.23457482,1.63716175,1.74145057
2020-07-27,1.64396163,1.65485628,1.56040479,1.23875824,1.65592706,1.75415018
2020-07-28,1.64793203,1.65361230,1.56172343,1.23907229,1.64921313,1.74302476
2020-07-29,1.65637944,1.66725362,1.57074629,1.24121991,1.66766027,1.76446144
2020-07-30,1.65451970,1.66281186,1.57306259,1.24176902,1.66038434,1.75816649
2020-07-31,1.65723265,1.66295877,1.58684835,1.24523486,1.65957933,1.77205991
2020-08-03,1.66025852,1.67164507,1.59192844,1.24650892,1.67363194,1.78437950
2020-08-04,1.67705222,1.68873087,1.61024774,1.25109335,1.68895804,1.79127172
2020-08-05,1.67734345,1.69449853,1.61186768,1.25149561,1.69940366,1.80239696
2020-08-06,1.68917522,1.70561484,1.62911752,1.25577606,1.70975358,1.81444535
2020-08-07,1.67836102,1.69377799,1.61060308,1.25121490,1.69946718,1.81574761
2020-08-10,1.67579305,1.69303925,1.60405021,1.24958793,1.70115802,1.82117535
2020-08-11,1.64528448,1.66461529,1.55885868,1.23833643,1.67742244,1.80614116
2020-08-12,1.64688687,1.67225316,1.56477558,1.23983864,1.69300437,1.83132385
2020-08-13,1.64603606,1.67276824,1.57270902,1.24184764,1.69396068,1.82801271
2020-08-14,1.64081736,1.66771395,1.56778621,1.24060531,1.68962013,1.82806720
2020-08-17,1.65265773,1.68252245,1.58650413,1.24533910,1.70515743,1.83387477
2020-08-18,1.66168991,1.68906405,1.60014012,1.24875998,1.70921428,1.83783677
2020-08-19,1.64366445,1.67111363,1.57638127,1.24283412,1.69325049,1.83018434
2020-08-20,1.65324337,1.67875695,1.59205312,1.24678303,1.69868014,1.83588275
2020-08-21,1.65542124,1.67962443,1.59465992,1.24743547,1.69891606,1.84239477
2020-08-24,1.65886440,1.68595159,1.59410736,1.24729733,1.70955434,1.86106435
2020-08-25,1.65548741,1.68635402,1.59486425,1.24748660,1.71362704,1.86757691
2020-08-26,1.66221153,1.69404882,1.61045210,1.25138336,1.72379946,1.88630062
2020-08-27,1.64537304,1.67874588,1.59344168,1.24715898,1.71256107,1.89042520
2020-08-28,1.65480721,1.69077563,1.60497863,1.25004488,1.72646943,1.90263581
2020-08-31,1.65752180,1.68859411,1.61410591,1.25333326,1.71977877,1.89574323
2020-09-01,1.67034518,1.70405136,1.62847181,1.25864703,1.73666508,1.91359865
2020-09-02,1.68109848,1.71241341,1.63433506,1.26080575,1.74634003,1.94127686
2020-09-03,1.66128938,1.68402449,1.58355151,1.24214345,1.70603710,1.87446931
2020-09-04,1.64540172,1.67107633,1.57366489,1.23844923,1.69574162,1.85916500
2020-09-08,1.63522394,1.65261334,1.53310937,1.22324547,1.66666691,1.80836693
2020-09-09,1.64819268,1.67088333,1.56317451,1.23467264,1.69163915,1.84407741
2020-09-10,1.64121864,1.65906229,1.54205930,1.22672799,1.67321984,1.81205754
2020-09-11,1.64451898,1.66153179,1.53872578,1.22546475,1.67527903,1.81297997
2020-09-14,1.65379248,1.67695518,1.55846173,1.23295218,1.69594014,1.83685913
2020-09-15,1.65448731,1.68142369,1.56720644,1.23624775,1.70400096,1.84613969
2020-09-16,1.65162632,1.67886047,1.55828360,1.23289487,1.70109386,1.83881315
2020-09-17,1.64826683,1.67296686,1.54274900,1.22704004,1.69215771,1.82264019
2020-09-18,1.64021875,1.66441906,1.53093997,1.22256586,1.68138891,1.80165672
2020-09-21,1.62796775,1.64701541,1.51623346,1.21697139,1.65897387,1.78160539
2020-09-22,1.63008411,1.64982747,1.52832105,1.22159296,1.66443337,1.79974964
2020-09-23,1.61230012,1.62596101,1.48994399,1.20698066,1.63407667,1.75801146
2020-09-24,1.61718798,1.62924314,1.49542720,1.20909658,1.63624228,1.76269752
2020-09-25,1.62364837,1.63817479,1.51365436,1.21611679,1.64958481,1.79119529
2020-09-28,1.63461605,1.65461432,1.53758996,1.22527747,1.67208702,1.82094604
2020-09-29,1.63579747,1.65506862,1.53680926,1.22498112,1.67048995,1.81102864
2020-09-30,1.62952073,1.65311066,1.54112567,1.22810098,1.67362575,1.82476003
2020-10-01,1.63741606,1.66545641,1.56026023,1.24334903,1.68891070,1.83647498
2020-10-02,1.63006245,1.65560856,1.54298162,1.22957995,1.67652289,1.81903860
2020-10-05,1.62815491,1.66353426,1.57727098,1.25690465,1.69582612,1.85129586
2020-10-06,1.62007858,1.65483783,1.55890702,1.24227068,1.68367817,1.82497800
2020-10-07,1.62367118,1.66387747,1.58828845,1.26568432,1.70011600,1.85674482
2020-10-08,1.63353940,1.67461565,1.60181942,1.27646696,1.71217720,1.87320014
2020-10-09,1.64474960,1.68780085,1.61751722,1.28897631,1.72734478,1.88992865
2020-10-12,1.65391305,1.70005560,1.64644786,1.31203072,1.74424421,1.92033242
2020-10-13,1.64884864,1.69340572,1.63919527,1.30625124,1.73500115,1.90780007
2020-10-14,1.64852899,1.68999510,1.62579158,1.29557003,1.72816857,1.89581247
2020-10-15,1.64613332,1.68716864,1.62706936,1.29658827,1.72452772,1.89346998
2020-10-16,1.64346214,1.68477987,1.62243592,1.29289595,1.72289954,1.89232509
2020-10-19,1.63378696,1.67447522,1.59892237,1.27415834,1.70977747,1.86355557
2020-10-20,1.63131108,1.67546112,1.60336581,1.27769925,1.71456707,1.87102041
2020-10-21,1.62990602,1.67382711,1.59735298,1.27290771,1.71233200,1.86747890
2020-10-22,1.62177867,1.66944323,1.60944196,1.28254125,1.71308174,1.87772271
2020-10-23,1.62814365,1.67620556,1.61543111,1.28731391,1.72007669,1.88409770
2020-10-26,1.62364329,1.66580212,1.58578135,1.26368645,1.70110137,1.84927998
2020-10-27,1.62648188,1.66836310,1.58354777,1.26190654,1.70150350,1.84290499
2020-10-28,1.60218618,1.63652657,1.52867600,1.21818001,1.65919453,1.77991592
2020-10-29,1.59917252,1.63942281,1.54884755,1.23425443,1.66879588,1.79800604
2020-10-30,1.58874432,1.62538877,1.52354906,1.21409443,1.65192456,1.77926218
2020-11-02,1.60380468,1.64159162,1.53970310,1.22696735,1.66944527,1.79920524
2020-11-03,1.61332388,1.65652847,1.56540607,1.24744968,1.69182092,1.83097153
2020-11-04,1.63935832,1.68546321,1.60569169,1.27955271,1.72364079,1.87189230
2020-11-05,1.66079365,1.71340950,1.64375389,1.30988394,1.75795648,1.90839949
2020-11-06,1.65294622,1.70771297,1.64240393,1.30880817,1.75513464,1.90796391
2020-11-09,1.63288613,1.69466638,1.65482791,1.31870866,1.75491456,1.93193857
2020-11-10,1.63079212,1.69255705,1.64890742,1.31399071,1.75348523,1.92910492
2020-11-11,1.63636985,1.70059169,1.66455137,1.32645715,1.76440934,1.94343591
2020-11-12,1.64384991,1.70195648,1.64927005,1.31427968,1.75716720,1.92458271
2020-11-13,1.65375347,1.71622378,1.67320583,1.33335377,1.77680881,1.95122735
2020-11-16,1.65916141,1.72665264,1.69775806,1.35291909,1.79316147,1.97558346
2020-11-17,1.65999825,1.72762488,1.69802915,1.35313511,1.79238301,1.96495837
2020-11-18,1.65392666,1.71975767,1.68394844,1.34191439,1.78085499,1.94131031
2020-11-19,1.65989240,1.72676702,1.69356888,1.34958079,1.78890760,1.94948357
2020-11-20,1.66473456,1.73155088,1.69343616,1.34947502,1.79090275,1.93613436
2020-11-23,1.65700129,1.72718922,1.70550965,1.35909621,1.79137053,1.94774015
2020-11-24,1.65407217,1.73080109,1.73181464,1.38005829,1.80468999,1.97912552
2020-11-25,1.65085211,1.72799561,1.73014623,1.37872875,1.80230687,1.97607408
2020-11-27,1.65650935,1.73534375,1.74337856,1.38927341,1.81058915,1.98157735
2020-11-30,1.64783863,1.72023107,1.71879188,1.36968064,1.79082443,1.97280485
2020-12-01,1.65328925,1.73320161,1.74273881,1.38876360,1.81194871,1.99438217
2020-12-02,1.65123037,1.73264119,1.74490788,1.39049210,1.81338838,1.99857796
2020-12-03,1.65981364,1.74272904,1.75566957,1.39906794,1.82267250,1.99803285
2020-12-04,1.65355978,1.74386133,1.77771925,1.41663901,1.83237803,2.01525107
2020-12-07,1.66291719,1.75249173,1.78164154,1.41976463,1.83770917,2.01111049
2020-12-08,1.66934896,1.76014003,1.79151451,1.42763226,1.84591012,2.01699486
2020-12-09,1.65726050,1.74479578,1.76847821,1.40927496,1.82835858,1.99890456
2020-12-10,1.66296052,1.75340099,1.78413903,1.42175484,1.83738891,1.99825082
2020-12-11,1.66512036,1.75263658,1.77570727,1.41503569,1.83397899,1.99590762
2020-12-14,1.65934918,1.74908921,1.77761709,1.41655760,1.83164352,1.98697182
2020-12-15,1.66943304,1.76444375,1.80517689,1.43851961,1.85280682,2.01383479
2020-12-16,1.67079418,1.76711174,1.80918359,1.44171249,1.85676675,2.01699486
2020-12-17,1.67621398,1.77597685,1.82423112,1.45370365,1.86882197,2.02827368
2020-12-18,1.67084624,1.77043973,1.81873555,1.44932432,1.86270102,2.02017470
2020-12-21,1.66889799,1.76521270,1.80837410,1.44106743,1.85400690,2.01295211
2020-12-22,1.66865752,1.76541053,1.81206809,1.44401111,1.85379274,2.00955897
2020-12-23,1.66820953,1.76871822,1.82034584,1.45060753,1.86044061,2.01136551
2020-12-24,1.67421330,1.77286671,1.81997594,1.45031276,1.86353366,2.01919041
2020-12-28,1.67838600,1.77680535,1.82552896,1.45473788,1.86958053,2.03653686
2020-12-29,1.67897130,1.77775671,1.82336699,1.45301504,1.87047612,2.03265130
2020-12-30,1.68408480,1.78605986,1.83767664,1.46441820,1.88013616,2.03555185
2020-12-31,1.68745659,1.78757033,1.83773661,1.46446599,1.88087102,2.04589386
2021-01-04,1.68928229,1.78929903,1.82500084,1.45431703,1.87868332,2.01804102
2021-01-05,1.68974927,1.79805870,1.85403957,1.47745759,1.89492576,2.03193965
2021-01-06,1.67369680,1.78832960,1.86554392,1.48662523,1.89473507,2.04408803
2021-01-07,1.67330116,1.79479578,1.89754328,1.51212506,1.90995647,2.07445818
2021-01-08,1.66299387,1.79094868,1.92104140,1.53085038,1.91397827,2.08627780
2021-01-11,1.65604684,1.78042727,1.90257214,1.51613249,1.89968635,2.07221496
2021-01-12,1.65856771,1.78761285,1.91915903,1.52935034,1.90961730,2.07265163
2021-01-13,1.66602118,1.79271055,1.92031537,1.53027182,1.91237915,2.07823385
2021-01-14,1.65892479,1.79259746,1.93565637,1.54249684,1.91745504,2.07095569
2021-01-15,1.65168529,1.77948168,1.91179592,1.52348279,1.89873905,2.05585316
2021-01-19,1.66150578,1.79455469,1.93981050,1.54580721,1.91793569,2.07199555
2021-01-20,1.67507117,1.81254074,1.96905080,1.56910839,1.94071323,2.10066903
2021-01-21,1.67035291,1.80907874,1.96977387,1.56968459,1.93937223,2.10258475
2021-01-22,1.66756111,1.80637555,1.96980139,1.56970652,1.93579779,2.09514220
2021-01-25,1.67781394,1.81610192,1.97952717,1.57745686,1.94415129,2.10340574
2021-01-26,1.67513674,1.81198778,1.97110553,1.57074577,1.93936982,2.10012230
2021-01-27,1.66017124,1.78863443,1.92250787,1.53201899,1.90471606,2.04879387
2021-01-28,1.66137607,1.79074363,1.92873425,1.53698070,1.91018930,2.06641387
2021-01-29,1.64481412,1.76865556,1.88948156,1.50570079,1.88066471,2.02504564
2021-02-01,1.65801486,1.79104500,1.93770505,1.54412940,1.91173230,2.05875317
2021-02-02,1.65702433,1.79585372,1.96581896,1.56653298,1.92515655,2.08786440
2021-02-03,1.65094498,1.79199761,1.96849077,1.56866210,1.92430761,2.08950621
2021-02-04,1.64670830,1.79131746,1.98986989,1.58569882,1.93003203,2.11325516
2021-02-05,1.64693579,1.79669885,2.00702231,1.59936734,1.94036859,2.12157193
2021-02-08,1.65777904,1.81115103,2.02977784,1.61750089,1.95773681,2.13689441
2021-02-09,1.66003456,1.81630815,2.04002597,1.62566748,1.96443099,2.13547129
2021-02-10,1.66529036,1.81945413,2.03639860,1.62277688,1.96474188,2.13454131
2021-02-11,1.66015881,1.81787828,2.04660027,1.63090645,1.96733802,2.13798841
2021-02-12,1.65333941,1.81389473,2.05293044,1.63595086,1.96854573,2.14855001
2021-02-16,1.63836295,1.80098050,2.04843115,1.63236545,1.96016140,2.14668933
2021-02-17,1.63806419,1.79726707,2.04003905,1.62567790,1.95374383,2.14718175
2021-02-18,1.63256979,1.78741269,2.01714853,1.60743678,1.94062630,2.13804326
2021-02-19,1.62440959,1.78591531,2.03258984,1.61974174,1.94477070,2.13426758
2021-02-22,1.62054161,1.77435327,1.99073247,1.58638619,1.92682281,2.11785165
2021-02-23,1.61842308,1.77129777,1.98588477,1.58252314,1.92397242,2.12042326
2021-02-24,1.61884514,1.77469170,2.00273451,1.59595045,1.93286581,2.14378896
2021-02-25,1.58813434,1.73552263,1.93957373,1.54561853,1.88568257,2.09213249
2021-02-26,1.59816954,1.73897948,1.93272784,1.54016313,1.88002952,2.08135309
2021-03-01,1.60171721,1.75539830,1.98434975,1.58129990,1.91239611,2.13180514
2021-03-02,1.60013575,1.74798085,1.96444597,1.56543886,1.89916935,2.11517033
2021-03-03,1.58244979,1.72798152,1.95204015,1.55555284,1.87662929,2.08715293
2021-03-04,1.56817125,1.70602119,1.91252541,1.52406411,1.84827693,2.06132478
2021-03-05,1.57829397,1.71968138,1.93711240,1.54365713,1.86797477,2.09924700
2021-03-08,1.56698906,1.70240555,1.92052460,1.53043855,1.84739333,2.08879456
2021-03-09,1.59125803,1.73493583,1.95665009,1.55922643,1.88573437,2.11861779
2021-03-10,1.59760382,1.74135273,1.96782582,1.56813221,1.89317135,2.13180514
2021-03-11,1.59748307,1.75310237,2.00640530,1.59887565,1.91586413,2.15341968
2021-03-12,1.58387244,1.73938091,2.00009752,1.59384907,1.90557215,2.15632023
2021-03-15,1.59193697,1.74792787,2.00459631,1.59743409,1.91473792,2.16917936
2021-03-16,1.58924457,1.74508978,1.99740010,1.59169954,1.91210242,2.16644337
2021-03-17,1.58888885,1.74761184,2.00740382,1.59967135,1.91817033,2.17383053
2021-03-18,1.57254611,1.72257139,1.96865469,1.56879273,1.88555449,2.14220254
2021-03-19,1.57775548,1.73114849,1.98352291,1.58064100,1.89490476,2.13823821
2021-03-22,1.58830025,1.73948162,1.97719043,1.57559473,1.90218576,2.15531274
2021-03-23,1.58654406,1.72751024,1.93156168,1.53923384,1.88051714,2.13834810
2021-03-24,1.58844223,1.71906906,1.89869823,1.51304542,1.86328419,2.12747806
2021-03-25,1.58538641,1.72079112,1.92136508,1.53110831,1.87078773,2.13944623
2021-03-26,1.59271340,1.73537301,1.95799424,1.56029757,1.89421289,2.17392297
2021-03-29,1.58212103,1.72037727,1.93253306,1.54000792,1.87792665,2.17282537
2021-03-30,1.57867025,1.71918224,1.94460519,1.54962802,1.87771268,2.16706096
2021-03-31,1.58095755,1.72669090,1.95380772,1.55696139,1.88928508,2.17584479
2021-04-01,1.60290866,1.75048854,1.97479218,1.57368361,1.91426164,2.19934196
2021-04-05,1.60814852,1.75872396,1.99042551,1.58614158,1.92890650,2.23090916
2021-04-06,1.61361373,1.76302064,1.99176828,1.58721162,1.93042396,2.22959143
2021-04-07,1.60866867,1.75427368,1.97205329,1.57150102,1.92077588,2.23217203
2021-04-08,1.62090017,1.76874980,1.98614257,1.58272857,1.93629733,2.24276745
2021-04-09,1.61941746,1.76597701,1.98540665,1.58214212,1.93543218,2.25907296
2021-04-12,1.61633262,1.76078553,1.97910637,1.57712153,1.92911765,2.25989629
2021-04-13,1.62610645,1.77101948,1.98206247,1.57947719,1.93918672,2.26659409
2021-04-14,1.62106605,1.76789800,1.98965661,1.58552886,1.93717364,2.25885336
2021-04-15,1.64410164,1.79073599,2.00571130,1.59832261,1.95947493,2.28311883
2021-04-16,1.64334394,1.79174294,2.01074583,1.60233456,1.96345625,2.29075058
2021-04-19,1.63795354,1.78353929,1.99627446,1.59080253,1.95275668,2.27949585
2021-04-20,1.63636922,1.77594268,1.97237076,1.57175401,1.93797535,2.26280583
2021-04-21,1.64692012,1.79092984,1.99870492,1.59273933,1.95758370,2.28421679
2021-04-22,1.64324601,1.78518347,1.98752306,1.58382866,1.94800038,2.26335490
2021-04-23,1.64661469,1.79473884,2.01680011,1.60715913,1.96492564,2.28789517
2021-04-26,1.64755405,1.79853794,2.02606282,1.61454044,1.97117552,2.29267150
2021-04-27,1.63990878,1.79173124,2.02655378,1.61493169,1.96606977,2.29217783
2021-04-28,1.64166200,1.79456799,2.03257886,1.61973298,1.96934670,2.29151870
2021-04-29,1.64098138,1.79253368,2.03278088,1.61989397,1.96855552,2.30612197
2021-04-30,1.63658784,1.78222799,2.00715392,1.59947221,1.95225959,2.29096891
2021-05-03,1.64416956,1.78955322,2.01856686,1.60856702,1.95959763,2.29591088
2021-05-04,1.64134891,1.77938697,1.99640791,1.59090887,1.94202479,2.28174625
2021-05-05,1.64626008,1.78408264,2.00303050,1.59618632,1.94675923,2.28246042
2021-05-06,1.65799213,1.79694418,2.01443622,1.60527538,1.96134803,2.30068704
2021-05-07,1.66265177,1.80650131,2.03537042,1.62195754,1.97639490,2.31743101
2021-05-10,1.65129107,1.78721498,2.00777570,1.59996771,1.95071800,2.29448309
2021-05-11,1.64134175,1.77850043,1.99088383,1.58650681,1.94099233,2.27400534
2021-05-12,1.61876525,1.74751124,1.94464220,1.54965752,1.90116396,2.22569418
2021-05-13,1.62755149,1.75763977,1.96920210,1.56922895,1.91472522,2.25242946
2021-05-14,1.64644647,1.78277243,2.00630389,1.59879484,1.94621984,2.28701662
2021-05-17,1.64757718,1.78373118,2.00424919,1.59715747,1.94606442,2.28119700
2021-05-18,1.64304593,1.78164093,1.99485251,1.58966940,1.94383851,2.26154385
2021-05-19,1.63903163,1.77663663,1.98214345,1.57954173,1.93753978,2.25561417
2021-05-20,1.65314543,1.79270536,2.00235816,1.59565054,1.95650968,2.27987964
2021-05-21,1.65543658,1.79218941,2.00446462,1.59732915,1.95364442,2.27801356
2021-05-24,1.66411987,1.80345525,2.01971051,1.60947838,1.96854305,2.30123610
2021-05-25,1.67295745,1.81142359,2.01187651,1.60323558,1.97359799,2.29613029
2021-05-26,1.67188728,1.81526584,2.02530074,1.61393316,1.98133184,2.30068704
2021-05-27,1.66968474,1.81489733,2.03386496,1.62075786,1.98288867,2.30189452
2021-05-28,1.67104806,1.81774918,2.03622465,1.62232729,1.98720504,2.30601262
2021-06-01,1.67014012,1.82229509,2.04576732,1.62905159,1.99527160,2.30398109
2021-06-02,1.67474974,1.82707769,2.04991700,1.63197411,2.00007490,2.30760425
2021-06-03,1.66271770,1.81135457,2.03830660,1.62379910,1.98252378,2.29904001
2021-06-04,1.68163165,1.83126960,2.05324985,1.63432774,2.00304342,2.32006664
2021-06-07,1.68095052,1.83341929,2.06402801,1.64191537,2.00723856,2.31781570
2021-06-08,1.68492596,1.83716816,2.07112372,1.64690761,2.01007079,2.31830973
2021-06-09,1.68950592,1.83880869,2.06364466,1.64164774,2.00818407,2.31485148
2021-06-10,1.69789666,1.84706260,2.06363594,1.64164161,2.01642139,2.32561146
2021-06-11,1.69383682,1.84477194,2.07365027,1.64868743,2.01667551,2.32945404
2021-06-14,1.68748510,1.84098962,2.07436382,1.64918918,2.01662030,2.33466973
2021-06-15,1.68466150,1.83604784,2.07197252,1.64750774,2.01033269,2.33038797
2021-06-16,1.67456614,1.82382576,2.06239638,1.64077334,1.99629439,2.31737616
2021-06-17,1.67318495,1.82100947,2.04968423,1.63182877,1.99172056,2.31660750
2021-06-18,1.67535121,1.81566359,2.01081150,1.60445737,1.97509173,2.28535647
2021-06-21,1.67614408,1.82201459,2.04353253,1.62754865,1.99054759,2.31807306
2021-06-22,1.67880413,1.82458137,2.05035219,1.63235240,1.99424240,2.33046603
2021-06-23,1.67513332,1.82309281,2.04739649,1.63027121,1.99396156,2.32765756
2021-06-24,1.68026306,1.83210762,2.06763534,1.64452427,2.00706746,2.34142689
2021-06-25,1.67589323,1.83036622,2.07271053,1.64809439,2.00919527,2.34974366
2021-06-28,1.68309157,1.83587760,2.06422487,1.64212687,2.01235298,2.35448061
2021-06-29,1.68085797,1.83296937,2.06148359,1.64019817,2.00950185,2.35574726
2021-06-30,1.68488862,1.83423516,2.05687881,1.63705930,2.00793523,2.35773024
2021-07-01,1.68900773,1.83771936,2.06629816,1.64342221,2.01224459,2.37078378
2021-07-02,1.69967037,1.84573399,2.07292015,1.64789239,2.01929531,2.38890501
2021-07-06,1.70806202,1.84718234,2.06460856,1.64228436,2.01369179,2.38455419
2021-07-07,1.71840954,1.85381415,2.06209404,1.64058673,2.01753302,2.39298103
2021-07-08,1.71519574,1.84486860,2.04601374,1.62972836,2.00201763,2.37348308
2021-07-09,1.71375743,1.85202699,2.07194922,1.64726234,2.01962799,2.39881971
2021-07-12,1.71469573,1.85353408,2.07770002,1.65114288,2.02280058,2.40741165
2021-07-13,1.70712519,1.84480235,2.06228682,1.64074668,2.01328461,2.39920494
2021-07-14,1.72033728,1.85395959,2.05393869,1.63510951,2.01803743,2.40278512
2021-07-15,1.72536463,1.85556884,2.04291301,1.62765971,2.01457044,2.39457841
2021-07-16,1.71563810,1.84293314,2.02367033,1.61464727,1.99874891,2.37579643
2021-07-19,1.72243218,1.84137755,1.99807661,1.59731518,1.98454140,2.34071074
2021-07-20,1.72259969,1.84817897,2.03602465,1.62306342,2.00057332,2.37425408
2021-07-21,1.71816373,1.85036244,2.05844861,1.63823547,2.01152528,2.39347668
2021-07-22,1.72683454,1.85546122,2.05351369,1.63490200,2.01338671,2.39848915
2021-07-23,1.72662323,1.85450896,2.07174415,1.64722089,2.01596917,2.42316503
2021-07-26,1.72492546,1.85007566,2.07599624,1.65009033,2.01112090,2.42911306
2021-07-27,1.73065080,1.84713241,2.05714127,1.63737034,1.99987758,2.41804195
2021-07-28,1.73307787,1.85785904,2.06957713,1.64577149,2.01550412,2.41705028
2021-07-29,1.73608526,1.86362546,2.07897522,1.65211467,2.02446724,2.42707505
2021-07-30,1.73360302,1.85751067,2.06742022,1.64529272,2.01446472,2.41528852
2021-08-02,1.73966181,1.86305949,2.06880951,1.64610255,2.01817508,2.41022119
2021-08-03,1.74474785,1.86890783,2.08351984,1.65467585,2.02668749,2.42982938
2021-08-04,1.74359573,1.86743396,2.07903564,1.65206736,2.02337489,2.41787703
2021-08-05,1.74208692,1.86960374,2.09118930,1.65914131,2.03058254,2.43318926
2021-08-06,1.72060594,1.84984047,2.08669217,1.65652786,2.01595691,2.43720988
2021-08-09,1.71109386,1.84133080,2.08706497,1.65674463,2.00932756,2.43522709
2021-08-10,1.70876101,1.83935497,2.08592451,1.65608152,2.00857425,2.43825622
2021-08-11,1.71552979,1.84681837,2.09121166,1.65915615,2.01671040,2.44431504
2021-08-12,1.71562717,1.84508219,2.09521110,1.66148038,2.01474599,2.45164050
2021-08-13,1.73423265,1.85897021,2.10316175,1.66609843,2.02335247,2.45610229
2021-08-16,1.73805361,1.85825720,2.10150040,1.66513443,2.01949090,2.46188558
2021-08-17,1.73260442,1.84713886,2.08416537,1.65507361,2.00299727,2.44574661
2021-08-18,1.72971869,1.84323021,2.06719174,1.64520061,1.99514591,2.41897859
2021-08-19,1.73313800,1.84015859,2.06477713,1.64379302,1.98713243,2.42272351
2021-08-20,1.73813229,1.84777935,2.08007873,1.65271580,1.99835161,2.44200168
2021-08-23,1.74770917,1.86412109,2.10300657,1.66605933,2.02083478,2.46348296
2021-08-24,1.74281369,1.86681327,2.10774652,1.66880984,2.02979359,2.46739352
2021-08-25,1.73510480,1.86131794,2.11029001,1.67028489,2.02778140,2.47257056
2021-08-26,1.73398490,1.85618750,2.09799571,1.66315732,2.01801863,2.45797502
2021-08-27,1.75015508,1.87791531,2.11742969,1.67444176,2.04401867,2.47995141
2021-08-30,1.75228129,1.88012922,2.12827945,1.68072625,2.04725107,2.49085760
2021-08-31,1.74714727,1.87933051,2.12629819,1.67942035,2.04961802,2.48716681
2021-09-01,1.75021301,1.88617417,2.13426621,1.68444841,2.05913036,2.48848868
2021-09-02,1.75462210,1.88954186,2.13900378,1.68743571,2.06230690,2.49614488
2021-09-03,1.75240536,1.88987839,2.14425281,1.69074405,2.06514483,2.49553898
2021-09-07,1.73733270,1.87762050,2.14323124,1.69010049,2.05614651,2.48661577
2021-09-08,1.73957393,1.87334958,2.13422013,1.68442326,2.04621232,2.48358663
2021-09-09,1.74794215,1.87933102,2.12750556,1.68018932,2.04758472,2.47295668
2021-09-10,1.73547207,1.86716728,2.11496240,1.67227508,2.03515629,2.45345802
2021-09-13,1.74370914,1.87531708,2.12183918,1.67661923,2.04315764,2.45973732
2021-09-14,1.75192368,1.87802292,2.11307180,1.67108436,2.03879795,2.44646365
2021-09-15,1.75150091,1.87928153,2.12626678,1.67942133,2.04410301,2.46689733
2021-09-16,1.73872004,1.86617598,2.12450324,1.67830847,2.03233496,2.46298785
2021-09-17,1.72786529,1.85546622,2.09992907,1.66279859,2.01954627,2.43899503
2021-09-20,1.72889788,1.84474501,2.06083749,1.63806808,1.99446281,2.39832675
2021-09-21,1.73192406,1.85029591,2.06781556,1.64249945,2.00155361,2.39606124
2021-09-22,1.74029342,1.86197018,2.08443282,1.65304497,2.01710511,2.41943468
2021-09-23,1.72666745,1.85644679,2.10682384,1.66723181,2.02391363,2.44883024
2021-09-24,1.71814711,1.84613189,2.10205527,1.66421692,2.01392666,2.45286435
2021-09-27,1.71479541,1.84655499,2.09402130,1.65913519,2.01641189,2.44584678
2021-09-28,1.68708166,1.81459098,2.04498193,1.62809243,1.97861656,2.39655833
2021-09-29,1.68710693,1.81156664,2.04344851,1.62711706,1.97396422,2.40059209
2021-09-30,1.68729005,1.81348383,2.02992509,1.61628986,1.97300933,2.37125156
2021-10-01,1.69986023,1.82539621,2.04718006,1.62990480,1.98606910,2.39943190
2021-10-04,1.69215140,1.81300056,2.02231979,1.61029043,1.96733482,2.36848877
2021-10-05,1.68928303,1.81389867,2.03192397,1.61786882,1.97490872,2.39313246
2021-10-06,1.69506156,1.81652736,2.04290014,1.62652944,1.97530221,2.40307863
2021-10-07,1.69075064,1.82013304,2.04791414,1.63048549,1.98794280,2.42385510
2021-10-08,1.68500345,1.81461409,2.03848733,1.62304790,1.98303449,2.41943468
2021-10-11,1.67875653,1.80780418,2.02663229,1.61369409,1.97446789,2.40191845
2021-10-12,1.69162800,1.81757832,2.03416508,1.61963789,1.97913483,2.39600585
2021-10-13,1.70824383,1.83637922,2.04862907,1.63105043,1.99825877,2.40462566
2021-10-14,1.72108269,1.85115885,2.07522895,1.65203723,2.01803703,2.44507308
2021-10-15,1.71589904,1.84847874,2.08082498,1.65645187,2.02076292,2.46369446
2021-10-18,1.71907436,1.85108892,2.09310548,1.66613960,2.02304181,2.47098845
2021-10-19,1.71460284,1.85189573,2.09414321,1.66695819,2.03107008,2.49005117
2021-10-20,1.71517458,1.85373026,2.09126212,1.66468551,2.03530110,2.49983207
2021-10-21,1.71436442,1.85264019,2.09650738,1.66882315,2.03471162,2.50635201
2021-10-22,1.72518579,1.85965551,2.09760739,1.66969086,2.03738920,2.50375504
2021-10-25,1.72867435,1.86633930,2.10744798,1.67745325,2.04719398,2.51718212
2021-10-26,1.73284852,1.86721111,2.11610142,1.68427891,2.04550159,2.51944727
2021-10-27,1.74459571,1.87212290,2.12744745,1.69322810,2.04207485,2.50828571
2021-10-28,1.74808546,1.87995365,2.13976530,1.70294335,2.05601067,2.53248787
2021-10-29,1.74718682,1.87597964,2.14690052,1.70861427,2.05040434,2.53762695
2021-11-01,1.74617194,1.88290319,2.14542583,1.70744063,2.06406044,2.54199198
2021-11-02,1.75020541,1.88450297,2.15448180,1.71464784,2.06451859,2.55226961
2021-11-03,1.74361886,1.88474221,2.15906869,1.71829833,2.07301266,2.56785214
2021-11-04,1.75768451,1.89730293,2.17924995,1.73435961,2.08368735,2.57995250
2021-11-05,1.77562452,1.91389241,2.19332757,1.74556331,2.09749916,2.58890413
2021-11-08,1.77591980,1.91632253,2.19159027,1.74418068,2.10152187,2.59111461
2021-11-09,1.78572210,1.92130392,2.19365739,1.74582580,2.10027689,2.58254983
2021-11-10,1.76992005,1.90411898,2.16365952,1.72195195,2.08162871,2.56177372
2021-11-11,1.77165443,1.91128766,2.16482149,1.72287670,2.09236928,2.56260245
2021-11-12,1.77350206,1.91487560,2.17469106,1.73073141,2.09975562,2.58194159
2021-11-15,1.76323604,1.90547669,2.16567152,1.72355320,2.09283586,2.58282589
2021-11-16,1.76009457,1.90365265,2.17183330,1.72845706,2.09351769,2.59304831
2021-11-17,1.76810498,1.90739952,2.17619477,1.73192814,2.09221037,2.58674994
2021-11-18,1.77151243,1.90814253,2.18890215,1.74204133,2.09186804,2.59553485
2021-11-19,1.77435487,1.90816615,2.19936851,1.75037100,2.08813340,2.59089322
2021-11-22,1.75474940,1.88720906,2.18019567,1.73511226,2.06822791,2.58359995
2021-11-23,1.74114132,1.87479456,2.16733891,1.72488019,2.05934600,2.58702564
2021-11-24,1.75284940,1.88303746,2.18319390,1.73749841,2.06347666,2.59393243
2021-11-26,1.75628002,1.86981296,2.17155496,1.72823554,2.02936489,2.53607956
2021-11-29,1.75628531,1.87294375,2.19032501,1.74317372,2.03889766,2.56718887
2021-11-30,1.75469987,1.86661266,2.17649550,1.73216748,2.02263198,2.51723751
2021-12-01,1.75467597,1.86158421,2.16056959,1.71949282,2.01034894,2.48927802
2021-12-02,1.76279763,1.87461272,2.17768936,1.73311761,2.03068474,2.52740472
2021-12-03,1.77015471,1.87224099,2.16741220,1.72493852,2.01777001,2.50541231
2021-12-06,1.76603191,1.87469376,2.17183475,1.72845822,2.02961979,2.53508502
2021-12-07,1.77452964,1.89267305,2.20276091,1.75307085,2.06046197,2.58752346
2021-12-08,1.76317398,1.88687809,2.19529858,1.74713194,2.06137028,2.59437431
2021-12-09,1.76055496,1.87707778,2.18368386,1.73788835,2.04437874,2.57685844
2021-12-10,1.76504567,1.88126836,2.19669225,1.74824110,2.05088546,2.60111564
2021-12-13,1.77139933,1.87846603,2.19044885,1.74327227,2.03745352,2.57807402
2021-12-14,1.76197292,1.86743985,2.17612796,1.73187497,2.02431091,2.56033712
2021-12-15,1.76591689,1.87610818,2.19701993,1.74850188,2.04156395,2.60034230
2021-12-16,1.76661580,1.87090234,2.17201477,1.72860148,2.02963559,2.57741075
2021-12-17,1.76724199,1.87131042,2.16890123,1.72612357,2.02533581,2.54998000
2021-12-20,1.75465996,1.85600791,2.14878407,1.71011330,2.00703183,2.52286542
2021-12-21,1.76177947,1.87181793,2.17480735,1.73082397,2.03354163,2.56766906
2021-12-22,1.77500469,1.88655014,2.19423844,1.74628823,2.05094520,2.59334182
2021-12-23,1.77319398,1.88880528,2.19795684,1.74924752,2.05867398,2.60947791
2021-12-27,1.78388763,1.90115726,2.22221004,1.76854947,2.07547375,2.64640738
2021-12-28,1.77892644,1.89475168,2.21523571,1.76299894,2.06873500,2.64424491
2021-12-29,1.77103464,1.88802889,2.20800366,1.75724330,2.06462635,2.64762799
2021-12-30,1.77831691,1.89565780,2.20994164,1.75878565,2.07004620,2.64030792
2021-12-31,1.78102623,1.89608291,2.20492923,1.75687696,2.06770883,2.63365399
2022-01-03,1.75910948,1.88378263,2.19696723,1.75477714,2.06780694,2.64890291
2022-01-04,1.75952717,1.88206145,2.18417834,1.75139614,2.06503637,2.64801573
2022-01-05,1.74389617,1.85753470,2.14387936,1.74070057,2.03042201,2.59716785
2022-01-06,1.74004081,1.85508470,2.14455624,1.74088248,2.02865329,2.59472806
2022-01-07,1.73503667,1.85024311,2.12884765,1.73666179,2.02373024,2.58446986
2022-01-10,1.73583010,1.84993296,2.13017746,1.73702086,2.02146821,2.58125350
2022-01-11,1.75120522,1.87065518,2.15204161,1.74292199,2.04673568,2.60476488
2022-01-12,1.75222909,1.87452645,2.15407709,1.74346763,2.05386697,2.61180637
2022-01-13,1.75001487,1.86517801,2.13259788,1.73771344,2.03511265,2.57581929
2022-01-14,1.73765654,1.85691919,2.12657163,1.73608815,2.03180827,2.57687355
2022-01-18,1.71596926,1.82887279,2.08639447,1.72523178,1.99668412,2.53123776
2022-01-19,1.72193017,1.83184450,2.07634942,1.72248251,1.99341554,2.50495461
2022-01-20,1.71971589,1.82668479,2.06396789,1.71908280,1.98273506,2.47722927
2022-01-21,1.71610416,1.81455327,2.03957675,1.71235861,1.95851908,2.42860014
2022-01-24,1.71230699,1.81306170,2.03999073,1.71247365,1.95994968,2.43891374
2022-01-25,1.70573783,1.80296318,2.01482750,1.70548206,1.94452071,2.40913672
2022-01-26,1.68933721,1.78471942,2.00396951,1.70243997,1.92694279,2.40309302
2022-01-27,1.69505394,1.78062439,2.00621048,1.70307010,1.91359714,2.39122681
2022-01-28,1.70591246,1.79486680,2.04403008,1.71369651,1.93581951,2.45061376
2022-01-31,1.71480776,1.81708801,2.07456709,1.72531360,1.97143430,2.49475179
2022-02-01,1.71732383,1.82301258,2.08382875,1.72884139,1.98192448,2.51160853
2022-02-02,1.72677690,1.82905690,2.09873893,1.73450704,1.98779624,2.53600654
2022-02-03,1.70710689,1.80402954,2.05293738,1.71717013,1.95411145,2.47639785
2022-02-04,1.69940653,1.80140440,2.06584305,1.72211429,1.95781436,2.48804230
2022-02-07,1.70136751,1.80309831,2.06319107,1.72110176,1.95820306,2.48005752
2022-02-08,1.70214053,1.80980424,2.07867852,1.72701902,1.97154263,2.50046297
2022-02-09,1.71399957,1.82795169,2.10585805,1.73736152,1.99745180,2.53705990
2022-02-10,1.69071433,1.80390967,2.07469518,1.72558621,1.97035023,2.49148041
2022-02-11,1.69692091,1.80145169,2.05229832,1.71705436,1.95404116,2.44235130
2022-02-14,1.68725776,1.79300116,2.05456974,1.71792475,1.94676931,2.43436634
2022-02-15,1.68590105,1.80329316,2.07613679,1.72618414,1.97096592,2.47362499
2022-02-16,1.69494676,1.81257963,2.08385477,1.72912319,1.97947948,2.47639785
2022-02-17,1.69298261,1.80202698,2.05785034,1.71924041,1.95589561,2.42349882
2022-02-18,1.69675343,1.80008004,2.04508215,1.71435472,1.94726892,2.40780641
2022-02-22,1.69264356,1.79100304,2.03234364,1.70946389,1.93168547,2.38196639
2022-02-23,1.67498367,1.77041552,2.00602704,1.69932556,1.90651928,2.33971350
2022-02-24,1.67764008,1.77529581,2.03424749,1.71027464,1.91605885,2.37492418
2022-02-25,1.69086108,1.79366589,2.05746518,1.71921499,1.94370022,2.42732414
2022-02-28,1.70611842,1.80331783,2.06486237,1.72093349,1.94498756,2.42111407
2022-03-01,1.71057089,1.79993477,2.07415025,1.72325575,1.92976826,2.38423982
2022-03-02,1.69221542,1.79166661,2.05604115,1.71874210,1.93767988,2.42810071
2022-03-03,1.69622207,1.78718672,2.06368973,1.72066025,1.92418123,2.41601240
2022-03-04,1.70599033,1.78556244,2.08093429,1.72497369,1.90926609,2.39638370
2022-03-07,1.68718495,1.75719543,2.06550350,1.72113632,1.86749512,2.32574005
2022-03-08,1.68768606,1.76198235,2.07219406,1.72280885,1.87350567,2.30810674
2022-03-09,1.68891182,1.77626148,2.06342258,1.72062108,1.90605748,2.36998940
2022-03-10,1.67564872,1.76100371,2.05258155,1.71790909,1.88989568,2.35928752
2022-03-11,1.66817617,1.74603133,2.04136308,1.71509230,1.86699350,2.32928894
2022-03-14,1.64449945,1.71872788,2.01024506,1.70724897,1.84021864,2.31226549
2022-03-15,1.64787960,1.72580318,2.01127686,1.70751185,1.85594148,2.36311373
2022-03-16,1.67239475,1.76895516,2.03691564,1.71404181,1.91512209,2.41551386
2022-03-17,1.67568035,1.77465301,2.04366858,1.71574657,1.92635364,2.44573420
2022-03-18,1.68777681,1.78995711,2.05346156,1.71821306,1.94545310,2.47252128
2022-03-21,1.67260560,1.77425095,2.04264119,1.71549691,1.93181133,2.47179884
2022-03-22,1.66759130,1.77741188,2.03694830,1.71406257,1.94529766,2.50072212
2022-03-23,1.68023518,1.78187593,2.05235843,1.71795279,1.93735085,2.46851648
2022-03-24,1.68538541,1.79169616,2.06227988,1.72044425,1.95474584,2.50572830
2022-03-25,1.67619053,1.78274811,2.05328489,1.71819304,1.94917655,2.51796535
2022-03-28,1.67851889,1.78512116,2.05154556,1.71775640,1.95289291,2.53587526
2022-03-29,1.69322202,1.80667744,2.06547549,1.72125546,1.98178383,2.56724606
2022-03-30,1.69829445,1.80569644,2.07213010,1.72291913,1.97374121,2.55139412
2022-03-31,1.69054615,1.79399440,2.06344456,1.72075260,1.95480824,2.51212469
2022-04-01,1.69385102,1.80085258,2.05901866,1.71964534,1.96473942,2.51924405
2022-04-04,1.69503981,1.80820336,2.08235532,1.72549241,1.97887863,2.54082568
2022-04-05,1.66852333,1.77748892,2.05382705,1.71840064,1.94515046,2.50873172
2022-04-06,1.65721079,1.76129411,2.03372174,1.71335411,1.92383838,2.48364580
2022-04-07,1.65574951,1.75856105,2.04131532,1.71527333,1.92237237,2.49616088
2022-04-08,1.64915581,1.75107214,2.03424782,1.71349173,1.91471411,2.48948646
2022-04-11,1.63056427,1.73185168,2.00997881,1.70735903,1.89245838,2.44693520
2022-04-12,1.62944474,1.73073847,2.00980959,1.70731591,1.88999238,2.43786901
2022-04-13,1.63914413,1.74634699,2.03430849,1.71355939,1.91199533,2.46579092
2022-04-14,1.61782648,1.72394368,2.00811863,1.70694124,1.88853836,2.43508788
2022-04-18,1.61469335,1.71979340,2.01098125,1.70767122,1.88404624,2.43608908
2022-04-19,1.61201564,1.72114727,2.02665387,1.71166385,1.89362384,2.47541409
2022-04-20,1.62829413,1.73149342,2.01960703,1.70987837,1.89748113,2.47357805
2022-04-21,1.61377849,1.71118245,1.99321618,1.70317532,1.87063831,2.43658941
2022-04-22,1.59186619,1.68642793,1.95112803,1.69238620,1.83837138,2.36973151
2022-04-25,1.59434665,1.68767356,1.95156509,1.69249992,1.83958091,2.38347044
2022-04-26,1.58517956,1.66765977,1.90916383,1.68146814,1.80372235,2.31444306
2022-04-27,1.57584173,1.66137920,1.90538150,1.68046877,1.80199293,2.32095076
2022-04-28,1.59132549,1.68205916,1.94741011,1.69158903,1.83157327,2.37957643
2022-04-29,1.56511547,1.65513033,1.89413696,1.67770655,1.79702702,2.29163775
2022-05-02,1.54951095,1.64546009,1.88403627,1.67502259,1.79534244,2.30543208
2022-05-03,1.55784845,1.65451481,1.89325678,1.67748186,1.80518560,2.31600070
2022-05-04,1.57993504,1.68050136,1.92974416,1.68718053,1.83990052,2.38652943
2022-05-05,1.54034710,1.63222865,1.88371816,1.67510834,1.78029344,2.30170532
2022-05-06,1.52728060,1.61609539,1.87490928,1.67275833,1.76220512,2.28796693
2022-05-09,1.51096343,1.58753901,1.82699060,1.65993269,1.71742069,2.21471246
2022-05-10,1.51617496,1.59364394,1.82782873,1.66016114,1.72420695,2.21982960
2022-05-11,1.52404518,1.59201622,1.81951055,1.65789460,1.71043470,2.18456514
2022-05-12,1.51712842,1.58627942,1.80809227,1.65477338,1.70606373,2.18228470
2022-05-13,1.51864025,1.60076496,1.83435019,1.66198278,1.73657867,2.23445823
2022-05-16,1.51952120,1.59951892,1.83824922,1.66304258,1.73286379,2.22539186
2022-05-17,1.52067862,1.61135938,1.85842955,1.66851965,1.75808486,2.27116918
2022-05-18,1.51498955,1.59343258,1.81900252,1.65790024,1.72030654,2.17961454
2022-05-19,1.52019822,1.60154744,1.83002084,1.66091298,1.72834842,2.16626497
2022-05-20,1.52899625,1.60829046,1.83488184,1.66223652,1.73274619,2.16721095
2022-05-23,1.52981499,1.61392352,1.85954853,1.66894025,1.74763154,2.20775927
2022-05-24,1.54183119,1.61579452,1.85848986,1.66865521,1.73878816,2.19090613
2022-05-25,1.54612393,1.62315955,1.86040748,1.66917173,1.74970605,2.21026236
2022-05-26,1.55235352,1.63625304,1.87849963,1.67404145,1.77228166,2.25442665
2022-05-27,1.56603715,1.65543071,1.90175587,1.68025896,1.80030757,2.30977067
2022-05-31,1.54536453,1.63963902,1.88814730,1.67665188,1.78907652,2.29681065
2022-06-01,1.54178168,1.63442421,1.88041253,1.67459137,1.78050682,2.27823297
2022-06-02,1.55699885,1.65661698,1.91309475,1.68332286,1.81146378,2.32161853
2022-06-03,1.54332198,1.63851517,1.88704656,1.67644696,1.78706725,2.28351737
2022-06-06,1.53155902,1.63154444,1.88871850,1.67689256,1.78637889,2.29046966
2022-06-07,1.54506430,1.64542074,1.90075088,1.68009743,1.80110824,2.31244084
2022-06-08,1.53236145,1.63347560,1.88442990,1.67576954,1.78775765,2.28729952
2022-06-09,1.52075208,1.61470014,1.85429992,1.66773142,1.75817949,2.23290095
2022-06-10,1.50577649,1.59481927,1.82974919,1.66110724,1.72819467,2.16815658
2022-06-13,1.45723002,1.53960137,1.77030591,1.64491787,1.66466450,2.08583556
2022-06-14,1.44440853,1.53093806,1.75823892,1.64155418,1.65938341,2.07955032
2022-06-15,1.46798448,1.55662243,1.78521539,1.64911003,1.68723012,2.10919659
2022-06-16,1.46045684,1.53648050,1.75910715,1.64187471,1.65028999,2.03939101
2022-06-17,1.46019731,1.53866595,1.75317484,1.64021362,1.65426710,2.04378733
2022-06-21,1.46032071,1.54556221,1.77454244,1.64621087,1.67291176,2.09523698
2022-06-22,1.47706917,1.55466503,1.77184645,1.64546057,1.67332262,2.09143793
2022-06-23,1.48401605,1.56256884,1.77334906,1.64587919,1.68304226,2.11193941
2022-06-24,1.49170487,1.58004026,1.80921361,1.65586517,1.71567823,2.17908615
2022-06-27,1.48378880,1.57391149,1.80368320,1.65434667,1.71075457,2.17076308
2022-06-28,1.47724722,1.56250299,1.78633602,1.64957340,1.69130561,2.12640744
2022-06-29,1.48600836,1.56672496,1.78312913,1.64868499,1.69058946,2.12467642
2022-06-30,1.48571986,1.56290112,1.77147178,1.64545146,1.68195729,2.10741504
2022-07-01,1.49648368,1.57154157,1.76812662,1.64451931,1.69033893,2.12970346
2022-07-05,1.49245459,1.56793101,1.73843325,1.63623404,1.68666096,2.13372607
2022-07-06,1.47820792,1.55507928,1.72620842,1.63278220,1.67810610,2.14093194
2022-07-07,1.48084977,1.56616153,1.74681697,1.63863015,1.69897665,2.17299730
2022-07-08,1.47380706,1.56135895,1.74772267,1.63888503,1.69674308,2.17120982
2022-07-11,1.47624153,1.55270702,1.71961397,1.63097755,1.67640735,2.14640679
2022-07-12,1.47536928,1.55027323,1.71518639,1.62971774,1.67072003,2.12741349
2022-07-13,1.48197791,1.55516492,1.71632024,1.63004095,1.67197586,2.11624059
2022-07-14,1.46944218,1.54197076,1.69509409,1.62399321,1.65898433,2.11110187
2022-07-15,1.48205377,1.55655891,1.70587464,1.62709172,1.67860085,2.15143437
2022-07-18,1.47310056,1.55069453,1.71270056,1.62904492,1.67429290,2.13366996
2022-07-19,1.48487235,1.57064118,1.73901365,1.63655328,1.70628429,2.19132032
2022-07-20,1.48513850,1.57300941,1.72722708,1.63322564,1.71120591,2.20528586
2022-07-21,1.50601767,1.59358580,1.74788044,1.63908444,1.73144974,2.22774262
2022-07-22,1.51358281,1.59358367,1.74201528,1.63743442,1.72253984,2.20707370
2022-07-25,1.50800285,1.59024794,1.74697521,1.63883307,1.72240613,2.20975466
2022-07-26,1.50135767,1.58051510,1.73360953,1.63507157,1.70768771,2.18361124
2022-07-27,1.51472803,1.60237872,1.76390979,1.64364497,1.74130321,2.24031184
2022-07-28,1.52954306,1.61729962,1.77658337,1.64718782,1.75761576,2.26841071
2022-07-29,1.53663182,1.62521425,1.78366796,1.64915839,1.76995937,2.30148105
2022-08-01,1.55330397,1.63679451,1.78386549,1.64921318,1.77468133,2.29466581
2022-08-02,1.53217080,1.61907213,1.77583974,1.64698720,1.75987816,2.27952732
2022-08-03,1.55049164,1.63896986,1.79525768,1.65238990,1.78238208,2.31522359
2022-08-04,1.55615489,1.64627062,1.80348978,1.65466300,1.79007423,2.31365947
2022-08-05,1.53485979,1.62958410,1.80031666,1.65378962,1.77900722,2.30974909
2022-08-08,1.54807155,1.64156065,1.81105614,1.65674924,1.78773978,2.30706741
2022-08-09,1.54405694,1.63441467,1.80227181,1.65433847,1.77781324,2.29790609
2022-08-10,1.55088853,1.64926383,1.83053286,1.66212087,1.80408970,2.34617139
2022-08-11,1.53451311,1.63731033,1.83120019,1.66230265,1.79784257,2.34617139
2022-08-12,1.55215309,1.65751705,1.85961406,1.67004060,1.82209945,2.38588936
2022-08-15,1.54815684,1.65375412,1.85638915,1.66917176,1.81985921,2.39572133
2022-08-16,1.55109579,1.65509871,1.85627210,1.66914019,1.82013990,2.40041386
2022-08-17,1.53793985,1.64002434,1.83747218,1.66406878,1.80340051,2.38337548
2022-08-18,1.53874598,1.64034356,1.84171025,1.66522021,1.80386679,2.39030277
2022-08-19,1.51825101,1.61665098,1.81578824,1.65818884,1.77677194,2.35818147
2022-08-22,1.50307782,1.59751591,1.78669905,1.65021951,1.75049458,2.30907845
2022-08-23,1.50085751,1.59760918,1.79039008,1.65124224,1.75190710,2.30349209
2022-08-24,1.49854127,1.59738970,1.79862385,1.65352039,1.75450527,2.31086701
2022-08-25,1.51563780,1.61785277,1.81824066,1.65893066,1.77880815,2.34348990
2022-08-26,1.49922003,1.59310225,1.77044670,1.64584875,1.73984586,2.26416510
2022-08-29,1.49116361,1.58394677,1.76147577,1.64334687,1.72945381,2.24919422
2022-08-30,1.48476341,1.57376555,1.74191682,1.63787269,1.71438892,2.22450270
2022-08-31,1.47231242,1.56319811,1.72949054,1.63436747,1.70459889,2.20757637
2022-09-01,1.45733853,1.54750300,1.71994874,1.63166237,1.69102566,2.21450348
2022-09-02,1.45857191,1.54509217,1.71449739,1.63011092,1.68287163,2.19115252
2022-09-06,1.43951491,1.52665510,1.70335520,1.62693278,1.66705362,2.18288520
2022-09-07,1.46039900,1.54876402,1.73168384,1.63505008,1.69171979,2.22210051
2022-09-08,1.45475884,1.54471210,1.73680794,1.63650152,1.69148446,2.23662483
2022-09-09,1.46734558,1.56283588,1.76048927,1.64319562,1.71692343,2.27137133
2022-09-12,1.46991277,1.57071721,1.77687904,1.64778496,1.73173880,2.29578355
2022-09-13,1.44548687,1.53533424,1.72024714,1.63202972,1.67887194,2.19595673
2022-09-14,1.44836138,1.53946863,1.72246263,1.63266028,1.68449828,2.20433609
2022-09-15,1.43668138,1.52514375,1.70104590,1.62657024,1.66667962,2.17931006
2022-09-16,1.42948515,1.51624963,1.69162499,1.62386770,1.65564845,2.16268442
2022-09-19,1.43455726,1.52226290,1.70125188,1.62664009,1.66365411,2.17945555
2022-09-20,1.41998405,1.50723549,1.68377859,1.62162800,1.64671168,2.15443833
2022-09-21,1.42319358,1.50365206,1.66802043,1.61707505,1.63282465,2.11685692
2022-09-22,1.40390358,1.48450162,1.65050330,1.61198042,1.61483828,2.09907542
2022-09-23,1.39066762,1.46402313,1.61868331,1.60265722,1.58563353,2.06390610
2022-09-26,1.37024843,1.44415184,1.59968131,1.59701306,1.56626756,2.04348843
2022-09-27,1.35356642,1.43223253,1.60123198,1.59747749,1.55934398,2.03827237
2022-09-28,1.38910102,1.46744280,1.63970987,1.60899379,1.59461275,2.07837773
2022-09-29,1.37670820,1.44941236,1.61593272,1.60199427,1.56918439,2.03496286
2022-09-30,1.36302253,1.43691116,1.60371496,1.59836055,1.55577425,2.00349476
2022-10-03,1.39139982,1.46692176,1.64498845,1.61070126,1.58971635,2.05638964
2022-10-04,1.41076656,1.49608161,1.69156944,1.62438428,1.63205089,2.12011015
2022-10-05,1.40102090,1.48700698,1.68296919,1.62190668,1.62379661,2.11517393
2022-10-06,1.39114069,1.47674463,1.67340328,1.61914103,1.61126728,2.09335454
2022-10-07,1.36974376,1.44967693,1.63532114,1.60808685,1.57607534,2.03496286
2022-10-10,1.35273738,1.43252505,1.61983375,1.60351801,1.55950178,2.01942511
2022-10-11,1.35100063,1.42699913,1.61546394,1.60222027,1.54963039,2.00663576
2022-10-12,1.35375534,1.42920189,1.61509140,1.60210943,1.55003068,2.00001709
2022-10-13,1.35840648,1.43783237,1.63889755,1.60919387,1.56810760,2.05279993
2022-10-14,1.33989364,1.41495379,1.60501228,1.59921253,1.53892809,2.00601943
2022-10-17,1.35022961,1.43422870,1.63736161,1.60888226,1.56986782,2.05756781
2022-10-18,1.35732638,1.44161491,1.65141677,1.61302547,1.57960854,2.08174318
2022-10-19,1.33875755,1.42161102,1.63078531,1.60697992,1.55934027,2.06699117
2022-10-20,1.32525856,1.41072952,1.61844534,1.60333197,1.55025164,2.04965857
2022-10-21,1.33085214,1.42284769,1.65288657,1.61356785,1.57297505,2.09946857
2022-10-24,1.32955887,1.41728042,1.66020198,1.61571027,1.56807507,2.12515805
2022-10-25,1.35523304,1.44384251,1.68539195,1.62306474,1.59621930,2.15909453
2022-10-26,1.36395901,1.45208204,1.68750912,1.62367640,1.60121236,2.14282751
2022-10-27,1.36645496,1.45019881,1.68375995,1.62259420,1.59400136,2.13138484
2022-10-28,1.36941237,1.45642602,1.70413673,1.62848516,1.60855199,2.18209155
2022-10-31,1.35902112,1.44646682,1.69592502,1.62613101,1.59810054,2.16633025
2022-11-01,1.36685599,1.45526643,1.69813642,1.62676713,1.60555900,2.15685042
2022-11-02,1.35131278,1.43448121,1.65691536,1.61492054,1.57648901,2.10272161
2022-11-03,1.34231545,1.42535237,1.64283770,1.61080429,1.56558076,2.08107038
2022-11-04,1.35169095,1.44523323,1.68005030,1.62175039,1.59695079,2.11102346
2022-11-07,1.34862053,1.44414267,1.68969738,1.62454408,1.60033521,2.13121668
2022-11-08,1.36489702,1.45995015,1.69933311,1.62732333,1.61533426,2.14271546
2022-11-09,1.35609123,1.44483849,1.66420649,1.61723190,1.59131465,2.09857078
2022-11-10,1.41421385,1.51147379,1.75996847,1.64514959,1.67124294,2.21389596
2022-11-11,1.42033320,1.52460861,1.78215674,1.65137180,1.69186545,2.23532328
2022-11-14,1.41484287,1.51705529,1.76419875,1.64637977,1.68092329,2.21630822
2022-11-15,1.42978959,1.53545140,1.78183719,1.65131791,1.70168674,2.23521124
2022-11-16,1.43927763,1.53612301,1.76548899,1.64677270,1.69255077,2.21815919
2022-11-17,1.42935139,1.52718950,1.75795500,1.64466449,1.68505632,2.21137183
2022-11-18,1.42506502,1.52330618,1.76557533,1.64680326,1.68349557,2.22141242
2022-11-21,1.42354397,1.51757401,1.75593388,1.64410540,1.67371542,2.21333538
2022-11-22,1.43953472,1.53298473,1.77820243,1.65036051,1.69050295,2.24312030
2022-11-23,1.45610633,1.54880539,1.78998751,1.65364185,1.70543462,2.25725580
2022-11-25,1.45490164,1.54701623,1.79417134,1.65480139,1.70376799,2.25675043
2022-11-28,1.44627256,1.53514772,1.76485515,1.64668971,1.68593229,2.22073980
2022-11-29,1.44027167,1.53399883,1.76725885,1.64736254,1.68864764,2.21692509
2022-11-30,1.46315086,1.56449726,1.81241711,1.65999092,1.72996601,2.28675962
2022-12-01,1.48991128,1.58574425,1.81650123,1.66111311,1.74356569,2.28507699
2022-12-02,1.49628474,1.59115944,1.81888620,1.66176739,1.74677469,2.28244046
2022-12-05,1.47288825,1.56531593,1.78331013,1.65201651,1.71732724,2.24138120
2022-12-06,1.47560300,1.56324920,1.76297143,1.64636413,1.70736739,2.20907214
2022-12-07,1.49262327,1.57463274,1.76024194,1.64559944,1.71175355,2.20531391
2022-12-08,1.49496986,1.58060111,1.77208563,1.64892114,1.72208070,2.22259005
2022-12-09,1.47658226,1.56441992,1.76077507,1.64576380,1.70864508,2.20598725
2022-12-12,1.48208807,1.56967364,1.77789140,1.65056330,1.71684055,2.23779112
2022-12-13,1.49855378,1.58705126,1.79569149,1.65552089,1.73515533,2.25473131
2022-12-14,1.49786710,1.58501385,1.78740768,1.65322973,1.73047126,2.24031543
2022-12-15,1.48180044,1.56061181,1.74270245,1.64082495,1.69484368,2.18551365
2022-12-16,1.47154012,1.55228251,1.72640804,1.63622239,1.68585361,2.15971158
2022-12-19,1.45644017,1.53787038,1.71233195,1.63222016,1.67204312,2.14139756
2022-12-20,1.45155050,1.53614959,1.71840666,1.63395731,1.67405860,2.14432778
2022-12-21,1.45980861,1.54718785,1.74278762,1.64091215,1.69006042,2.17639063
2022-12-22,1.44931562,1.53281630,1.72216535,1.63508711,1.67046895,2.14534193
2022-12-23,1.44383489,1.52941916,1.73009061,1.63734447,1.67120204,2.15768256
2022-12-27,1.43288981,1.52167195,1.72482247,1.63584875,1.66647451,2.14917371
2022-12-28,1.42173225,1.50743578,1.70265000,1.62954014,1.64819961,2.12246433
2022-12-29,1.43926080,1.52941694,1.73619715,1.63917214,1.67577161,2.16066890
2022-12-30,1.43138183,1.52091639,1.72711707,1.63660035,1.66702722,2.15497769
2023-01-03,1.44523738,1.53225526,1.72661068,1.63645639,1.67375693,2.14590592
2023-01-04,1.46139409,1.55187036,1.74587145,1.64193291,1.69561862,2.16247221
2023-01-05,1.45435149,1.54204704,1.72718666,1.63666119,1.68130765,2.13779093
2023-01-06,1.48396622,1.57486641,1.76805072,1.64827788,1.71891494,2.18681519
2023-01-09,1.48844375,1.58104015,1.77122075,1.64916446,1.72552260,2.18557551
2023-01-10,1.48223439,1.58072543,1.78581638,1.65324141,1.73230033,2.20090266
2023-01-11,1.49837503,1.59685984,1.80527622,1.65864597,1.74955812,2.22873950
2023-01-12,1.51824215,1.61715720,1.82645287,1.66448295,1.76873931,2.23685377
2023-01-13,1.51832319,1.62109674,1.83602256,1.66709927,1.77677658,2.24553149
2023-01-17,1.51176266,1.61546041,1.83605767,1.66710883,1.77259065,2.24141789
2023-01-18,1.51970220,1.61714556,1.81433939,1.66119288,1.76399500,2.20603078
2023-01-19,1.51755129,1.61560924,1.80320163,1.65813359,1.76121492,2.18997076
2023-01-20,1.51472955,1.62092438,1.82959888,1.66541567,1.77808897,2.23076798
2023-01-23,1.51768436,1.62860295,1.84695468,1.67015517,1.79207267,2.25753420
2023-01-24,1.52756115,1.63571174,1.84420205,1.66940843,1.79519609,2.25511114
2023-01-25,1.53176253,1.63986717,1.85019977,1.67103721,1.79917553,2.25595623
2023-01-26,1.53036527,1.64241836,1.86114627,1.67400316,1.80766775,2.28075027
2023-01-27,1.52890021,1.64242908,1.86471691,1.67496664,1.80949789,2.28599079
2023-01-30,1.51965937,1.62782196,1.84426903,1.66945650,1.78896476,2.25730867
2023-01-31,1.53277517,1.64228327,1.87178095,1.67692774,1.80664964,2.29049825
2023-02-01,1.55036148,1.66341846,1.89166708,1.68227253,1.83081346,2.31484159
2023-02-02,1.55020056,1.66772129,1.87394325,1.67754395,1.84214494,2.34853870
2023-02-03,1.52638381,1.64193812,1.84144184,1.66881543,1.81527724,2.32357561
2023-02-06,1.51822605,1.63001796,1.82743283,1.66500671,1.79990834,2.30937573
2023-02-07,1.51980782,1.63535743,1.83558323,1.66723450,1.81188274,2.33957934
2023-02-08,1.51838855,1.63006637,1.83256275,1.66641146,1.80061874,2.31399632
2023-02-09,1.50650448,1.61894299,1.83172389,1.66618262,1.78960138,2.29393600
2023-02-10,1.50018018,1.61157129,1.82435352,1.66417134,1.78308488,2.29928910
2023-02-13,1.51010286,1.62359409,1.83236952,1.66636499,1.79872115,2.32628048
2023-02-14,1.50894032,1.62374309,1.83288728,1.66650625,1.80000779,2.32520968
2023-02-15,1.50038981,1.61734103,1.81892967,1.66269907,1.79714510,2.33276068
2023-02-16,1.48486051,1.60257943,1.81560331,1.66178687,1.78129114,2.30064154
2023-02-17,1.49012396,1.60485229,1.81231124,1.66088292,1.78015476,2.29489421
2023-02-21,1.46706766,1.57877190,1.79580693,1.65634534,1.74963602,2.24885648
2023-02-22,1.46975412,1.57990565,1.78621247,1.65369053,1.74844302,2.24575702
2023-02-23,1.47854055,1.58932528,1.79186658,1.65526091,1.75854702,2.25770325
2023-02-24,1.46149890,1.56869356,1.76420051,1.64759384,1.73440521,2.23358580
2023-02-27,1.46744968,1.57626262,1.77656125,1.65105697,1.74379052,2.24119290
2023-02-28,1.46922910,1.57650491,1.77078318,1.64944600,1.74126203,2.23290904
2023-03-01,1.46353770,1.57576707,1.77750209,1.65132356,1.74405150,2.22434408
2023-03-02,1.46109639,1.57532498,1.77975973,1.65195277,1.74768456,2.24164341
2023-03-03,1.48780986,1.60185452,1.80304422,1.65843649,1.77492771,2.27759488
2023-03-06,1.48119795,1.59370121,1.78969876,1.65475395,1.76689714,2.27917248
2023-03-07,1.47122791,1.57932693,1.76239016,1.64717910,1.74569692,2.24423517
2023-03-08,1.47312047,1.58237260,1.76560597,1.64808078,1.74998975,2.24789808
2023-03-09,1.46949422,1.57170110,1.75073928,1.64391764,1.72981760,2.20642464
2023-03-10,1.49071407,1.58255106,1.74027504,1.64096991,1.72557329,2.17458732
2023-03-13,1.49779998,1.58788600,1.74016582,1.64093902,1.72795495,2.17148840
2023-03-14,1.49392856,1.59008497,1.75529236,1.64521822,1.74021696,2.20738321
2023-03-15,1.50173276,1.59040905,1.73209012,1.63869405,1.73064706,2.19357738
2023-03-16,1.50658041,1.60166607,1.75010699,1.64380766,1.75106421,2.23206395
2023-03-17,1.51907813,1.60755891,1.74439873,1.64219920,1.74674335,2.20596495
2023-03-20,1.51965928,1.61120872,1.76124709,1.64695758,1.75599252,2.22717700
2023-03-21,1.51555003,1.61291795,1.76985952,1.64937365,1.76665314,2.25642078
2023-03-22,1.52228903,1.61496541,1.76112492,1.64693165,1.75954140,2.21795687
2023-03-23,1.52741121,1.62260140,1.76596488,1.64828949,1.76875779,2.22395256
2023-03-24,1.52875201,1.62337218,1.76287504,1.64742431,1.77043652,2.23854629
2023-03-27,1.51257556,1.61112618,1.76951887,1.64928692,1.76472137,2.24273184
2023-03-28,1.51552731,1.61538255,1.77375502,1.65047142,1.76869141,2.23769796
2023-03-29,1.52024907,1.62274667,1.78468342,1.65352207,1.78184610,2.27022230
2023-03-30,1.53021586,1.63378885,1.79618204,1.65671814,1.79437515,2.28351557
2023-03-31,1.54479782,1.64819441,1.80709546,1.66437622,1.81043942,2.31570090
2023-04-03,1.55300556,1.65498969,1.81416972,1.66960235,1.81657776,2.32452501
2023-04-04,1.56014484,1.65898226,1.82348605,1.67647953,1.81587517,2.31162829
2023-04-05,1.56472600,1.65773762,1.81278514,1.66858827,1.80876264,2.30557542
2023-04-06,1.56644807,1.66034930,1.81541764,1.67053184,1.81300554,2.31456931
2023-04-10,1.55351971,1.65189194,1.81017679,1.66666364,1.80988530,2.31694507
2023-04-11,1.55757175,1.65678620,1.81213259,1.66810801,1.81494409,2.31756715
2023-04-12,1.55778279,1.65460479,1.81359952,1.66919113,1.81051766,2.30812077
2023-04-13,1.56438651,1.66721169,1.84135337,1.68967997,1.83076790,2.33877884
2023-04-14,1.55080347,1.65323929,1.82682461,1.67898633,1.81773381,2.33306605
2023-04-17,1.54265640,1.64917456,1.82354751,1.67657048,1.81863011,2.34143750
2023-04-18,1.54735917,1.65243568,1.82927121,1.68079145,1.82074164,2.34296475
2023-04-19,1.54462588,1.64836274,1.82416208,1.67702604,1.81599323,2.34256891
2023-04-20,1.54933118,1.65053023,1.82192063,1.67537318,1.81410549,2.32978495
2023-04-21,1.54346648,1.64464852,1.81961665,1.67367380,1.80976839,2.33159528
2023-04-24,1.55165745,1.65020963,1.82176110,1.67525591,1.81268220,2.33402733
2023-04-25,1.55446152,1.64361016,1.80492179,1.66283528,1.79394938,2.29697790
2023-04-26,1.54375167,1.63614143,1.80488577,1.66280866,1.78912025,2.28724844
2023-04-27,1.54721608,1.64576942,1.82880367,1.68048308,1.80870873,2.33278316
2023-04-28,1.56140788,1.65850536,1.83292609,1.68410488,1.82041812,2.35269403
2023-05-01,1.54002302,1.64179517,1.82856797,1.68010061,1.81008626,2.35031791
2023-05-02,1.55660998,1.64985710,1.82887800,1.68038547,1.80592548,2.32390257
2023-05-03,1.56068113,1.65375755,1.83164933,1.68293179,1.80731330,2.30795099
2023-05-04,1.55316077,1.64837481,1.83253304,1.68374375,1.80249180,2.29160412
2023-05-05,1.55566083,1.65724430,1.84493449,1.69513828,1.82119513,2.33402733
2023-05-08,1.54688398,1.65093835,1.84737898,1.69738430,1.81818814,2.33464977
2023-05-09,1.54441635,1.64738349,1.84534305,1.69551367,1.81290321,2.32441153
2023-05-10,1.55196231,1.65455703,1.84990420,1.69970448,1.81972803,2.33527186
2023-05-11,1.55509522,1.65499637,1.84511092,1.69530039,1.81707529,2.33119926
2023-05-12,1.54815902,1.64699725,1.84076209,1.69130465,1.80914135,2.32814476
2023-05-15,1.54456388,1.65037546,1.85009627,1.69988096,1.81920498,2.33617684
2023-05-16,1.53435840,1.63869618,1.83722870,1.68805815,1.80562084,2.32056535
2023-05-17,1.53694212,1.64538795,1.84537366,1.69554180,1.81837105,2.34873419
2023-05-18,1.53155877,1.64219082,1.84789601,1.69785935,1.82019932,2.37136037
2023-05-19,1.53040421,1.64148311,1.85622226,1.70550956,1.82011236,2.36790985
2023-05-22,1.52752325,1.64286495,1.85701912,1.70624172,1.82493579,2.36887131
2023-05-23,1.52307578,1.63462264,1.84084232,1.69137837,1.81067234,2.34228583
2023-05-24,1.51217811,1.62202337,1.82378484,1.67570584,1.79564800,2.32531669
2023-05-25,1.51075982,1.62136881,1.83188064,1.68314432,1.79811105,2.34545345
2023-05-26,1.52386341,1.63910229,1.85590530,1.70521833,1.82109759,2.37582881
2023-05-30,1.53100768,1.64233434,1.85628060,1.70556316,1.81999200,2.37673397
2023-05-31,1.53342073,1.64017846,1.84730177,1.69731335,1.81205277,2.36355417
2023-06-01,1.54461652,1.65539801,1.86842764,1.71672394,1.83181889,2.38601058
2023-06-02,1.54043798,1.66019682,1.87198974,1.71999682,1.84823334,2.42051501
2023-06-05,1.53951030,1.65766727,1.87257906,1.72053830,1.84387872,2.41587697
2023-06-06,1.54588425,1.66843484,1.87834402,1.72583518,1.85770790,2.42113745
2023-06-07,1.52941949,1.65456445,1.85469500,1.70410631,1.84665242,2.41276547
2023-06-08,1.54534850,1.67006995,1.87707756,1.72467155,1.86177319,2.42735957
2023-06-09,1.54404781,1.66861519,1.87674173,1.72436299,1.86079650,2.43171488
2023-06-12,1.55005910,1.67596333,1.88947408,1.73606156,1.87104057,2.45377509
2023-06-13,1.54523638,1.67644077,1.89563586,1.74172304,1.87851799,2.46995255
2023-06-14,1.55175660,1.68218813,1.90293080,1.74842568,1.88319456,2.47289374
2023-06-15,1.56711360,1.69835338,1.92165952,1.76563376,1.90178707,2.50355181
2023-06-16,1.56225945,1.69197160,1.91524929,1.75974400,1.89398630,2.49502426
2023-06-20,1.55932562,1.68442617,1.89928931,1.74507986,1.88121732,2.48207934
2023-06-21,1.55858859,1.68120051,1.89070761,1.73719493,1.87494957,2.46936193
2023-06-22,1.54782693,1.67161064,1.88798345,1.73469196,1.86859881,2.47827543
2023-06-23,1.54988672,1.66671301,1.87370101,1.72156916,1.85527018,2.45954021
2023-06-26,1.54968049,1.66586709,1.86720697,1.71560239,1.85285747,2.44949117
2023-06-27,1.55225962,1.67347281,1.88048102,1.72779867,1.86722988,2.47634551
2023-06-28,1.55465191,1.67519043,1.88069523,1.72799549,1.86828993,2.47759454
2023-06-29,1.54370006,1.66700081,1.87789393,1.72542164,1.86498249,2.48735979
2023-06-30,1.56031856,1.68396570,1.89940870,1.74518956,1.88380273,2.51671200
2023-07-03,1.55720693,1.68400780,1.90029635,1.74600513,1.88676456,2.51960770
2023-07-05,1.54740413,1.67310927,1.89225260,1.73861448,1.87552580,2.51586062
2023-07-06,1.53125041,1.65326250,1.87158762,1.71962736,1.85237495,2.49615998
2023-07-07,1.52982956,1.65656004,1.87263974,1.72059405,1.85899679,2.48985766
2023-07-10,1.53238483,1.66131925,1.87618522,1.72385166,1.86580749,2.49615998
2023-07-11,1.54088861,1.67197464,1.88888705,1.73552219,1.87903301,2.51205670
2023-07-12,1.55876713,1.69430900,1.91392927,1.75853115,1.90525945,2.53226846
2023-07-13,1.57171903,1.71059401,1.94003453,1.78251684,1.92519485,2.55236727
2023-07-14,1.56557780,1.70279812,1.93583869,1.77866168,1.91669318,2.55077707
2023-07-17,1.56739256,1.70712121,1.94331899,1.78553462,1.92346324,2.55963392
2023-07-18,1.57828543,1.71792714,1.95764635,1.79869870,1.93532086,2.57865348
2023-07-19,1.58681229,1.72439665,1.95859373,1.79956916,1.93951909,2.58438767
2023-07-20,1.57330428,1.70784382,1.93586935,1.77868984,1.92064286,2.56724138
2023-07-21,1.57280155,1.70616523,1.93524508,1.77811626,1.91833779,2.56724138
2023-07-24,1.57041779,1.70624743,1.93758776,1.78026873,1.92157762,2.57871049
2023-07-25,1.57229523,1.71027838,1.94442854,1.78655408,1.92775450,2.58575036
2023-07-26,1.57505392,1.71463609,1.94412677,1.78627682,1.93302188,2.58614782
2023-07-27,1.55362832,1.69335843,1.93679807,1.77954316,1.91322033,2.56900171
2023-07-28,1.56475536,1.71070888,1.95950766,1.80040888,1.93656669,2.59415328
2023-07-31,1.56807965,1.71526681,1.96126756,1.80202589,1.94206585,2.59909255
2023-08-01,1.55056594,1.69731695,1.94971492,1.79141125,1.92496565,2.59165487
2023-08-02,1.53339395,1.67447291,1.91430378,1.75887526,1.89541683,2.55560269
2023-08-03,1.51657194,1.66176046,1.90968381,1.75463039,1.88742694,2.54827902
2023-08-04,1.52782301,1.67007361,1.90559370,1.75087238,1.89057389,2.53675326
2023-08-07,1.52544098,1.66894190,1.92188578,1.76584164,1.89400970,2.55889584
2023-08-08,1.52833398,1.66643335,1.90977955,1.75471836,1.88534899,2.54776790
2023-08-09,1.52744813,1.66363416,1.89834863,1.74421555,1.87919100,2.53073545
2023-08-10,1.51712980,1.65588189,1.90245815,1.74799141,1.87543874,2.53164385
2023-08-11,1.51440095,1.65023059,1.89376633,1.74000531,1.86759214,2.53016768
2023-08-14,1.51355513,1.64908684,1.90153428,1.74714255,1.86773425,2.54413412
2023-08-15,1.50227389,1.63521106,1.87956902,1.72696072,1.84957696,2.51449793
2023-08-16,1.49130785,1.62178754,1.86321341,1.71193308,1.83347956,2.49604650
2023-08-17,1.48406876,1.61343842,1.84728194,1.69729513,1.82276597,2.47702641
2023-08-18,1.48655362,1.61485938,1.84680573,1.69685759,1.82319546,2.47821896
2023-08-21,1.48202419,1.61376030,1.86302101,1.71175630,1.82752666,2.49434283
2023-08-22,1.48607659,1.61610301,1.85929995,1.70833737,1.82707498,2.48758693
2023-08-23,1.51095749,1.64166987,1.88270740,1.72984428,1.85298132,2.51529266
2023-08-24,1.49906848,1.62717295,1.85198853,1.70161958,1.83353957,2.48043322
2023-08-25,1.50453317,1.63291447,1.86528499,1.71383646,1.84108273,2.49791941
2023-08-28,1.51018700,1.64153941,1.88045926,1.72777868,1.85344592,2.51375984
2023-08-29,1.52759475,1.66221649,1.91098159,1.75582281,1.87873893,2.55009564
2023-08-30,1.52929771,1.66409458,1.91680307,1.76117162,1.88172013,2.56059897
2023-08-31,1.53051326,1.66294865,1.91529275,1.75978392,1.87804813,2.55685225
2023-09-01,1.52114123,1.65926038,1.91548858,1.75996385,1.88040612,2.56162103
2023-09-05,1.50637740,1.64290802,1.90832943,1.75338598,1.86347021,2.55054975
2023-09-06,1.50354131,1.63821556,1.89556614,1.74165898,1.85573292,2.53340400
2023-09-07,1.50396669,1.63424743,1.88978253,1.73634496,1.84749587,2.52562568
2023-09-08,1.50692690,1.63642275,1.89182398,1.73822066,1.84894697,2.52942978
2023-09-11,1.50701245,1.64081002,1.90457022,1.74993199,1.85902897,2.54606512
2023-09-12,1.50631174,1.63788813,1.89077424,1.73725615,1.85263323,2.53209778
2023-09-13,1.50544893,1.63606293,1.89245395,1.73879948,1.85038288,2.53505067
2023-09-14,1.50632592,1.64128521,1.90337215,1.74883120,1.86202048,2.55690872
2023-09-15,1.49936991,1.63283634,1.88905394,1.73567553,1.85000444,2.52610245
2023-09-18,1.50460296,1.63580189,1.89378703,1.74002433,1.85047835,2.52758384
2023-09-19,1.49885175,1.62983209,1.89053437,1.73703576,1.84480318,2.52234225
2023-09-20,1.49709740,1.62502713,1.87611669,1.72378869,1.83524243,2.49915315
2023-09-21,1.46940313,1.59635017,1.84978775,1.69959749,1.80451012,2.45784625
2023-09-22,1.47470436,1.60239574,1.85046152,1.70021655,1.80955683,2.45231996
2023-09-25,1.45857496,1.58977528,1.85280802,1.70237254,1.80304583,2.46263212
2023-09-26,1.44645301,1.57436950,1.82952539,1.68098029,1.78216563,2.42645314
2023-09-27,1.43937142,1.56997438,1.82365604,1.67558750,1.78070010,2.42742125
2023-09-28,1.44309241,1.57539431,1.82922763,1.68070671,1.78885754,2.44149398
2023-09-29,1.43871025,1.57094811,1.82192542,1.67410293,1.78407964,2.43556915
2023-10-02,1.42301442,1.55551634,1.81697037,1.66963178,1.77030172,2.43460032
2023-10-03,1.40228116,1.53309618,1.78803926,1.64352475,1.74553617,2.40201071
2023-10-04,1.41365265,1.54264625,1.80076904,1.65501527,1.75406072,2.41950230
2023-10-05,1.41116569,1.54156942,1.79922985,1.65362610,1.75485473,2.41859012
2023-10-06,1.41132835,1.54755199,1.82217471,1.67433493,1.76910459,2.44730587
2023-10-09,1.43314315,1.56545726,1.83267195,1.68380704,1.78247904,2.46297400
2023-10-10,1.43568405,1.57238276,1.84615110,1.69596861,1.79446874,2.47579321
2023-10-11,1.45285997,1.58755003,1.85201369,1.70125744,1.80682022,2.48593487
2023-10-12,1.43154164,1.56558892,1.83215365,1.68334208,1.78568954,2.47077965
2023-10-13,1.44900202,1.57724522,1.81634850,1.66908179,1.78854956,2.45847283
2023-10-16,1.44260013,1.57667634,1.83934276,1.68983175,1.79665479,2.48433946
2023-10-17,1.43642388,1.57294575,1.84414545,1.69416471,1.79578845,2.48422544
2023-10-18,1.42789123,1.56029261,1.81524131,1.66808877,1.77680614,2.45112273
2023-10-19,1.41452000,1.54667575,1.79462314,1.64948271,1.76233768,2.42958677
2023-10-20,1.41294555,1.54047061,1.77061432,1.62781242,1.74905931,2.39973171
2023-10-23,1.41866282,1.54388776,1.76637240,1.62398275,1.74940530,2.39557260
2023-10-24,1.43024386,1.55682837,1.78167680,1.63780042,1.76378792,2.41363322
2023-10-25,1.41146493,1.53597139,1.74880642,1.60812777,1.74017184,2.37899247
2023-10-26,1.41574049,1.53696776,1.73220662,1.59313779,1.73428663,2.35050549
2023-10-27,1.41451607,1.53593526,1.72557221,1.58714574,1.73231495,2.33985054
2023-10-30,1.41634092,1.54055905,1.74212018,1.60209253,1.74265576,2.36782568
2023-10-31,1.41460350,1.53957086,1.75356426,1.61120582,1.74446782,2.38269621
2023-11-01,1.43207551,1.55681273,1.76751728,1.62241261,1.76214809,2.40810711
2023-11-02,1.45715237,1.58460060,1.79146208,1.64162549,1.79438759,2.45425635
2023-11-03,1.46751280,1.60141355,1.80609918,1.65335028,1.81733211,2.47664801
2023-11-06,1.45918637,1.59390746,1.80524864,1.65266966,1.81199158,2.48234534
2023-11-07,1.46735556,1.59963878,1.81015499,1.65659603,1.81496798,2.48941020
2023-11-08,1.47507075,1.60204842,1.80497111,1.65244898,1.81231273,2.49123366
2023-11-09,1.45873057,1.58590730,1.79804521,1.64690633,1.79690659,2.47180477
2023-11-10,1.46553049,1.59500872,1.81433395,1.65994818,1.81116780,2.51037713
2023-11-13,1.46582697,1.59546616,1.81524063,1.66067331,1.81166598,2.50798446
2023-11-14,1.49396442,1.63272088,1.84540159,1.68479339,1.85814346,2.55664111
2023-11-15,1.48477297,1.62691884,1.84554554,1.68490827,1.85675584,2.56205338
2023-11-16,1.49656960,1.63262084,1.85376762,1.69146998,1.85658255,2.56518755
2023-11-17,1.50201004,1.63998290,1.85461279,1.69214409,1.86575160,2.56837783
2023-11-20,1.50902391,1.64934837,1.86588837,1.70113713,1.87811572,2.58814824
2023-11-21,1.51072489,1.64744826,1.86763545,1.70252949,1.87256998,2.58250739
2023-11-22,1.51354430,1.65030445,1.86993360,1.70436081,1.87627292,2.59247802
2023-11-24,1.50895065,1.64863630,1.87268064,1.70654950,1.87828662,2.59407361
2023-11-27,1.52064846,1.65662039,1.87521726,1.70857016,1.88095092,2.58940176
2023-11-28,1.52663385,1.66315626,1.88580774,1.71700507,1.88732207,2.59196510
2023-11-29,1.53534701,1.66983663,1.88568348,1.71690618,1.89107908,2.59014218
2023-11-30,1.52788358,1.66392141,1.88395842,1.71569581,1.88856724,2.60034068
2023-12-01,1.54970148,1.68752772,1.90718925,1.72935851,1.91254927,2.61572430
2023-12-04,1.53669057,1.67450630,1.90475753,1.72793452,1.89928917,2.60199328
2023-12-05,1.54897885,1.68054721,1.89773333,1.72381936,1.89846216,2.60148018
2023-12-06,1.55782024,1.68678079,1.89039345,1.71951361,1.90040442,2.59099681
2023-12-07,1.55840934,1.69098354,1.90855917,1.73018470,1.90975382,2.61076722
2023-12-08,1.55080818,1.68522824,1.91896813,1.73627862,1.90798481,2.62199138
2023-12-11,1.54776810,1.68451331,1.92825564,1.74170554,1.91063378,2.63218987
2023-12-12,1.55169087,1.68817556,1.93565782,1.74602344,1.91499204,2.64421164
2023-12-13,1.58249176,1.72165767,1.97460177,1.76870975,1.95079864,2.68067585
2023-12-14,1.60454093,1.74579596,1.99445989,1.78019705,1.97422448,2.68927876
2023-12-15,1.59998666,1.73945365,1.99099178,1.77819793,1.96605569,2.68485096
2023-12-18,1.59881587,1.73942836,1.99914095,1.78289824,1.96908287,2.69995366
2023-12-19,1.60868174,1.75280323,2.01951256,1.79463129,1.98588628,2.71637122
2023-12-20,1.60403108,1.74098641,1.98701335,1.77598021,1.96459706,2.67873010
2023-12-21,1.60862882,1.75303353,2.01227076,1.79055925,1.98532875,2.70412913
2023-12-22,1.60799880,1.75369739,2.02087214,1.79550205,1.98783738,2.70956406
2023-12-26,1.61504031,1.76396523,2.03659996,1.80452644,2.00096662,2.72100529
2023-12-27,1.63044035,1.77812186,2.04160425,1.80738998,2.01261592,2.72592515
2023-12-28,1.62311873,1.77248695,2.03893874,1.80586606,2.00920024,2.72695458
2023-12-29,1.61524752,1.76330900,2.02293785,1.79913267,1.99956638,2.71905990
2024-01-02,1.60631634,1.75035064,2.00375545,1.79122511,1.98259804,2.70384354
2024-01-03,1.60172298,1.73953635,1.97342374,1.77865725,1.96485938,2.68176194
2024-01-04,1.59064550,1.73012511,1.96663226,1.77582002,1.95770029,2.67312360
2024-01-05,1.58486752,1.72558991,1.96637990,1.77571439,1.95550527,2.67678489
2024-01-08,1.59657636,1.73974573,2.00108746,1.79024182,1.97462492,2.71499863
2024-01-09,1.59029240,1.73092421,1.99542588,1.78789412,1.96400658,2.71087999
2024-01-10,1.58973685,1.73097992,2.00407087,1.79148442,1.96686970,2.72621110
2024-01-11,1.59401052,1.73414251,1.99992736,1.78976758,1.96837724,2.72500973
2024-01-12,1.59689177,1.73772171,1.99962883,1.78964376,1.97262669,2.72689721
2024-01-16,1.57750108,1.71529583,1.98887264,1.78518170,1.94888274,2.71688665
2024-01-17,1.56900042,1.70341851,1.97672333,1.78012711,1.93348393,2.70178431
2024-01-18,1.57052368,1.70940310,1.99583014,1.78810251,1.94592807,2.72581040
2024-01-19,1.57918251,1.72133667,2.02370418,1.79967769,1.96286312,2.75979094
2024-01-22,1.58331161,1.72638410,2.04041917,1.80656759,1.96880981,2.76562603
2024-01-23,1.58002163,1.72525649,2.04325236,1.80773029,1.97049221,2.77369192
2024-01-24,1.57494727,1.72271000,2.04218111,1.80729099,1.97136474,2.77672393
2024-01-25,1.58336138,1.73073488,2.05235347,1.81146367,1.97968801,2.79182610
2024-01-26,1.58198499,1.72932736,2.04744369,1.80945505,1.97838735,2.78827972
2024-01-29,1.59634364,1.74487624,2.07178216,1.81942489,1.99551840,2.81036115
2024-01-30,1.60246703,1.74577107,2.06076347,1.81493971,1.99129908,2.80818718
2024-01-31,1.60125886,1.73821467,2.01931925,1.79697511,1.97373703,2.76236507
2024-02-01,1.62527925,1.76204248,2.04238274,1.80706224,1.99845267,2.79851922
2024-02-02,1.60994307,1.74925776,2.05461987,1.81238358,1.99270203,2.82798061
2024-02-05,1.59177886,1.73305214,2.04745573,1.80927768,1.97921185,2.81768338
2024-02-06,1.60236352,1.74657671,2.05163312,1.81109195,1.99442388,2.82586401
2024-02-07,1.60239990,1.74703973,2.06419270,1.81654100,1.99782383,2.84943257
2024-02-08,1.59802484,1.74532979,2.06515035,1.81695520,1.99881143,2.85069131
2024-02-09,1.59831997,1.74986455,2.07323641,1.82045171,2.00845364,2.86716695
2024-02-12,1.59832823,1.75356694,2.06842401,1.81837490,2.01474499,2.86590804
2024-02-13,1.57375886,1.72164342,2.03866714,1.80551799,1.97571219,2.82643574
2024-02-14,1.58248412,1.73596909,2.05184305,1.81125310,1.99636900,2.85212180
2024-02-15,1.59285781,1.75013250,2.06319732,1.81617916,2.01477617,2.87180031
2024-02-16,1.58829223,1.74474095,2.05605524,1.81308923,2.00803312,2.85749900
2024-02-20,1.58922857,1.74366162,2.05126500,1.81101314,2.00391917,2.84176702
2024-02-21,1.58491454,1.73920221,2.04918457,1.81011040,2.00038423,2.84434133
2024-02-22,1.59876955,1.75593234,2.08360959,1.82505567,2.02447596,2.90320655
2024-02-23,1.61032146,1.76499836,2.08596842,1.82607113,2.03021412,2.90520859
2024-02-26,1.60573128,1.76187032,2.08150727,1.82415174,2.02761828,2.89456821
2024-02-27,1.60174110,1.76184357,2.08372791,1.82510820,2.03196703,2.89994595
2024-02-28,1.60523328,1.75984150,2.08036773,1.82366171,2.02453089,2.89611290
2024-02-29,1.61375058,1.76914106,2.09237467,1.82894946,2.03449079,2.90652451
2024-03-01,1.63000320,1.78897250,2.11612142,1.83939892,2.05836731,2.93381139
2024-03-04,1.63187269,1.79042556,2.11219703,1.83768167,2.05889709,2.93066517
2024-03-05,1.63929154,1.79145876,2.08577992,1.82611126,2.05066984,2.90137590
2024-03-06,1.65033246,1.80567268,2.09885909,1.83187582,2.06802179,2.91607791
2024-03-07,1.65787764,1.81666696,2.12225151,1.84215399,2.08461720,2.94502403
2024-03-08,1.65641047,1.81396452,2.10734958,1.83564222,2.07906780,2.92734756
2024-03-11,1.65538379,1.81135316,2.09856772,1.83179129,2.07471292,2.92483026
2024-03-12,1.65164697,1.81111567,2.11516585,1.83908485,2.08165448,2.95629405
2024-03-13,1.64999163,1.80942933,2.11139412,1.83743393,2.07980849,2.95165979
2024-03-14,1.63566072,1.79344149,2.09563803,1.83053124,2.06367095,2.94582506
2024-03-15,1.63143242,1.78812992,2.08385175,1.82534843,2.05597544,2.92559730
2024-03-18,1.63239787,1.78915101,2.09062404,1.82833479,2.05885455,2.94298440
2024-03-19,1.63664085,1.79203093,2.09917616,1.83209993,2.06203283,2.95933883
2024-03-20,1.64621293,1.80728063,2.12779380,1.84467359,2.08396047,2.98671131
2024-03-21,1.64872517,1.81163251,2.14164320,1.85071792,2.09031844,2.99658123
2024-03-22,1.65152034,1.80978101,2.13125337,1.84619802,2.08369161,2.99090009
2024-03-25,1.64754653,1.80708154,2.12834046,1.84492775,2.08151647,2.98263673
2024-03-26,1.65000648,1.80855161,2.12345595,1.84279624,2.08137616,2.97712770
2024-03-27,1.66415554,1.82394404,2.14723653,1.85318548,2.09877100,3.00214744
2024-03-28,1.66761923,1.82830525,2.14803369,1.85352407,2.10314404,3.00157320
2024-04-01,1.65643718,1.81949211,2.14156259,1.85053147,2.09712771,2.99635157
2024-04-02,1.65375702,1.81473906,2.11773873,1.83949853,2.08874080,2.97730054
2024-04-03,1.65803534,1.82065392,2.12472429,1.84275047,2.09612602,2.98057085
2024-04-04,1.65439330,1.81327105,2.09816170,1.83040385,2.08167394,2.94418991
2024-04-05,1.65557066,1.81741680,2.11604337,1.83876430,2.09182218,2.97494690
2024-04-08,1.65870609,1.82279285,2.12051010,1.84084450,2.09897497,2.97661137
2024-04-09,1.66771194,1.83243931,2.12672768,1.84373725,2.10803439,2.98005415
2024-04-10,1.64227394,1.80392672,2.09472113,1.82886628,2.07693338,2.95021491
2024-04-11,1.64949475,1.81513267,2.11586628,1.83876046,2.09293098,2.97247942
2024-04-12,1.64005481,1.79744736,2.08233622,1.82314393,2.06467215,2.93145056
2024-04-15,1.62972871,1.78598496,2.05205540,1.80893533,2.04998215,2.89472485
2024-04-16,1.62316124,1.77759162,2.04835584,1.80718751,2.04006791,2.88944549
2024-04-17,1.62592292,1.77598064,2.02877318,1.79792811,2.03276755,2.87234507
2024-04-18,1.62226313,1.77310295,2.02296215,1.79516813,2.03017109,2.86643426
2024-04-19,1.62215726,1.77051608,2.00417428,1.78623285,2.02299396,2.84141524
2024-04-22,1.61835982,1.77099159,2.02451629,1.79594935,2.03067701,2.86758222
2024-04-23,1.62455216,1.78164313,2.05389411,1.80991643,2.04823952,2.90161114
2024-04-24,1.61848785,1.77718738,2.05281984,1.80940909,2.04561402,2.90023370
2024-04-25,1.61330398,1.77233690,2.04276166,1.80465772,2.04030532,2.88921601
2024-04-26,1.62332114,1.78587029,2.06623574,1.81577194,2.05852836,2.91658795
2024-04-29,1.63058126,1.79486647,2.07702690,1.82085427,2.06899349,2.92691719
2024-04-30,1.60894863,1.76866019,2.03894702,1.80430512,2.03645640,2.88055105
2024-05-01,1.61536506,1.77378761,2.03324838,1.80181091,2.03844185,2.87119765
2024-05-02,1.62340148,1.78929970,2.06070137,1.81384371,2.06203927,2.89805307
2024-05-03,1.63705516,1.80558525,2.08982438,1.82652255,2.08287465,2.93397541
2024-05-06,1.64896383,1.81902836,2.11365341,1.83682356,2.09965830,2.96427379
2024-05-07,1.65257777,1.82093715,2.11612766,1.83788706,2.10026023,2.96754482
2024-05-08,1.64712897,1.81537243,2.11168405,1.83597821,2.09540118,2.96783149
2024-05-09,1.65977366,1.82887595,2.12446011,1.84147228,2.11023289,2.98493210
2024-05-10,1.65947709,1.82876458,2.12171037,1.84029341,2.11101521,2.98877737
2024-05-13,1.65743808,1.82839864,2.12492563,1.84167276,2.11204822,2.98917789
2024-05-14,1.66760962,1.84075602,2.14006581,1.84816296,2.12662791,3.00289362
2024-05-15,1.68903494,1.86429692,2.16894627,1.86049900,2.15344826,3.04007811
2024-05-16,1.68513960,1.85954449,2.16077761,1.85703330,2.14745569,3.03382309
2024-05-17,1.68733456,1.86349590,2.16198203,1.85754528,2.15335534,3.03818434
2024-05-20,1.68726389,1.86461974,2.16943035,1.86071050,2.15596583,3.04168449
2024-05-21,1.69129584,1.86618840,2.17192509,1.86176882,2.15576822,3.04914412
2024-05-22,1.68278227,1.85562154,2.16358174,1.85823145,2.14302898,3.04036478
2024-05-23,1.66701084,1.83745546,2.14323488,1.84958810,2.12249588,3.01815747
2024-05-24,1.67369990,1.84655699,2.16262852,1.85786605,2.13524419,3.03812715
2024-05-28,1.66738157,1.84259744,2.16487289,1.85881969,2.13448947,3.04024968
2024-05-29,1.64982602,1.82146641,2.14407578,1.84998755,2.10981435,3.01896030
2024-05-30,1.65577453,1.82704287,2.13846692,1.84759389,2.11261158,2.99893415
2024-05-31,1.66407481,1.83202473,2.14964189,1.85076255,2.11758020,3.02624835
2024-06-03,1.67953244,1.84649552,2.15003394,1.85087824,2.12937855,3.02871547
2024-06-04,1.68505020,1.84545251,2.14354934,1.84896505,2.12282504,3.03210160
2024-06-05,1.70098110,1.86661887,2.17737749,1.85896541,2.15000573,3.06813796
2024-06-06,1.70309440,1.86870129,2.17191053,1.85736575,2.15207668,3.06808113
2024-06-07,1.67459196,1.83904552,2.16189099,1.85442915,2.12441013,3.06435185
2024-06-10,1.67428867,1.84143707,2.16949974,1.85666597,2.12995428,3.07381964
2024-06-11,1.68190785,1.84617676,2.17373296,1.85790759,2.13127978,3.08122243
2024-06-12,1.69384199,1.86218745,2.20029693,1.86568891,2.15218325,3.10652813
2024-06-13,1.70012753,1.86379429,2.19934077,1.86541104,2.14867890,3.11278279
2024-06-14,1.70931844,1.86909681,2.19193188,1.86325738,2.14910844,3.11467729
2024-06-17,1.70444637,1.86908201,2.21283723,1.86934778,2.15643621,3.13946682
2024-06-18,1.71437934,1.87901457,2.21622761,1.87032937,2.16596239,3.14744333
2024-06-20,1.71287229,1.87689034,2.20539866,1.86719730,2.16292096,3.13889276
2024-06-21,1.70551077,1.86888485,2.20409823,1.86681996,2.15433976,3.13468437
2024-06-24,1.70974535,1.87232769,2.19653589,1.86462478,2.15608254,3.12449469
2024-06-25,1.71134413,1.87384398,2.20532702,1.86718242,2.15879776,3.13652707
2024-06-26,1.69689215,1.86081264,2.20581984,1.86732542,2.14882964,3.14044123
2024-06-27,1.70465600,1.86985736,2.21633884,1.87037730,2.15837316,3.14539237
2024-06-28,1.68953882,1.85912935,2.21263145,1.86771613,2.15205268,3.13301469
2024-07-01,1.67920008,1.85130157,2.21965857,1.87206824,2.14867864,3.13946287
2024-07-02,1.68815828,1.86046151,2.23237204,1.87993544,2.15907348,3.16059039
2024-07-03,1.70552604,1.87913849,2.25028504,1.89100335,2.17853994,3.17469459
2024-07-05,1.72011305,1.89296327,2.27254796,1.90472978,2.19223571,3.19300142
2024-07-08,1.71690040,1.89061898,2.26582910,1.90059800,2.19084069,3.19668682
2024-07-09,1.71403190,1.88821392,2.26849717,1.90224003,2.18923551,3.19979490
2024-07-10,1.72449725,1.90110213,2.28663163,1.91339716,2.20697456,3.23145778
2024-07-11,1.73465510,1.91538360,2.27686059,1.90739828,2.22008950,3.20359432
2024-07-12,1.74229612,1.92523024,2.28563063,1.91278875,2.23348061,3.22380140
2024-07-15,1.73466825,1.92045058,2.29223226,1.91684227,2.23245476,3.23266706
2024-07-16,1.75594311,1.94542105,2.31228081,1.92914302,2.25955151,3.25183714
2024-07-17,1.74698002,1.92922188,2.27526950,1.90648724,2.23378652,3.20624272
2024-07-18,1.73368586,1.91248431,2.26101219,1.89772209,2.21301256,3.18160318
2024-07-19,1.71870278,1.89555061,2.23580788,1.88220089,2.19395739,3.16047529
2024-07-22,1.72313289,1.90559190,2.25482986,1.89395008,2.21198339,3.19306005
2024-07-23,1.72171533,1.90415419,2.25364478,1.89321975,2.20984294,3.18805100
2024-07-24,1.70005604,1.87617704,2.20704159,1.86449529,2.17149691,3.11580204
2024-07-25,1.69703186,1.87226158,2.18358596,1.84995682,2.16480352,3.09956739
2024-07-26,1.71359207,1.89205063,2.20687042,1.86443047,2.18934304,3.13428152
2024-07-29,1.71655570,1.89149835,2.20774684,1.86497373,2.18551212,3.13612350
2024-07-30,1.72107580,1.89406548,2.20126169,1.86095430,2.18445142,3.12023487
2024-07-31,1.74492846,1.92318434,2.24819190,1.89352606,2.22065332,3.17095273
2024-08-01,1.73905876,1.90437900,2.20987952,1.86696723,2.18585610,3.12604927
2024-08-02,1.75032974,1.90062040,2.16870874,1.83833936,2.16137264,3.06784733
2024-08-05,1.73242953,1.87166542,2.11522755,1.80102660,2.11546219,2.97849993
2024-08-06,1.71744072,1.86336669,2.12375829,1.80700495,2.11748756,3.00596053
2024-08-07,1.70979288,1.85597860,2.11016429,1.79748503,2.10957694,2.98586909
2024-08-08,1.72416840,1.88021900,2.15455828,1.82860972,2.14786412,3.05489414
2024-08-09,1.73499775,1.88993545,2.15799585,1.83101102,2.15684242,3.06836492
2024-08-12,1.74404043,1.89740234,2.16422605,1.83536187,2.16204183,3.06997706
2024-08-13,1.75915957,1.91746515,2.18686708,1.85116515,2.19029452,3.12046507
2024-08-14,1.76296152,1.91750988,2.17869999,1.84547502,2.18831963,3.13030909
2024-08-15,1.76811098,1.93176067,2.21226138,1.86887323,2.21540579,3.18396383
2024-08-16,1.78108428,1.94656656,2.23237144,1.88285585,2.23098248,3.19110225
2024-08-19,1.79061086,1.95994806,2.24736765,1.89326617,2.25003579,3.22161340
2024-08-20,1.79679124,1.96086882,2.24016124,1.88826940,2.24534862,3.21637450
2024-08-21,1.80001076,1.96759254,2.25145668,1.89610586,2.25611351,3.22742816
2024-08-22,1.78306986,1.94733619,2.22996122,1.88120616,2.23269559,3.20209729
2024-08-23,1.80059393,1.97284393,2.27018512,1.90913514,2.26667220,3.23612117
2024-08-26,1.79792441,1.96765372,2.27103499,1.90972339,2.25889003,3.22840688
2024-08-27,1.79907707,1.96836694,2.26825126,1.90779673,2.26004102,3.23283899
2024-08-28,1.79210249,1.95841288,2.25343362,1.89753899,2.24652145,3.21407248
2024-08-29,1.79224693,1.96043559,2.26274895,1.90399517,2.25033586,3.21435915
2024-08-30,1.78617389,1.95772313,2.26895210,1.90506312,2.25455644,3.24504402
2024-09-03,1.78458995,1.94251368,2.23742159,1.89712100,2.22070465,3.17826453
2024-09-04,1.79292793,1.94791138,2.23306107,1.89601181,2.22150476,3.17175952
2024-09-05,1.79930119,1.95328725,2.23763586,1.89717709,2.22441509,3.16404486
2024-09-06,1.78511830,1.93065696,2.20552940,1.88901067,2.19032577,3.11079298
2024-09-09,1.79702253,1.94375318,2.22422286,1.89381389,2.20715142,3.14562258
2024-09-10,1.80526440,1.95007845,2.22703796,1.89453296,2.21201550,3.15932392
2024-09-11,1.80999207,1.95853986,2.23791598,1.89730913,2.22651651,3.19173531
2024-09-12,1.81853404,1.97180420,2.26340651,1.90379240,2.24575020,3.21862041
2024-09-13,1.82735790,1.98511690,2.27661144,1.90712448,2.26308681,3.23542984
2024-09-16,1.83664919,1.99315608,2.28381196,1.90893404,2.26990796,3.24020870
2024-09-17,1.82990520,1.98890282,2.27565188,1.90688786,2.26809498,3.24153236
2024-09-18,1.81522939,1.97583868,2.26514023,1.90424538,2.25711501,3.23191890
2024-09-19,1.83027380,2.00061216,2.30467972,1.91421733,2.29457073,3.28706923
2024-09-20,1.82956637,1.99770335,2.30553406,1.91443021,2.28887001,3.28138719
2024-09-23,1.83053144,1.99992431,2.31184184,1.91600153,2.29307530,3.28958706
2024-09-24,1.83819582,2.01493993,2.32938458,1.92036324,2.31375530,3.29899946
2024-09-25,1.82907928,2.00346450,2.32239251,1.91863394,2.30082147,3.29172327
2024-09-26,1.83873167,2.02230836,2.34645468,1.92459760,2.32807028,3.30477393
2024-09-27,1.83796449,2.02052625,2.33438862,1.92162857,2.32442935,3.29998069
2024-09-30,1.83244503,2.01256731,2.32859327,1.92006862,2.31677421,3.31320473
2024-10-01,1.83648797,2.01331541,2.33459226,1.92166371,2.31049287,3.28352376
2024-10-02,1.82978108,2.01183467,2.35041066,1.92586237,2.31375665,3.28491000
2024-10-03,1.81959192,1.99963446,2.33912095,1.92287942,2.30034258,3.27890424
2024-10-04,1.81465600,2.00164545,2.35185412,1.92625476,2.31209069,3.30870068
2024-10-07,1.80219245,1.99066899,2.34862021,1.92540065,2.30026841,3.27878842
2024-10-08,1.80491912,1.98879863,2.33091260,1.92071952,2.29800399,3.30979774
2024-10-09,1.80180410,1.98584724,2.32785742,1.91990771,2.29823432,3.33272300
2024-10-10,1.80051911,1.98474604,2.33371734,1.92146618,2.29683244,3.32689061
2024-10-11,1.80528920,1.99447610,2.35244221,1.92643766,2.31227403,3.34681245
2024-10-14,1.80966007,1.99898826,2.35436391,1.92694512,2.31949908,3.37418457
2024-10-15,1.81374505,1.99547415,2.33433024,1.92165776,2.30540733,3.34796778
2024-10-16,1.82146383,2.00607109,2.34763083,1.92518851,2.31873565,3.36251979
2024-10-17,1.81147275,1.99826361,2.35118101,1.92612732,2.31435484,3.36280791
2024-10-18,1.81913311,2.00789686,2.37027371,1.93117101,2.32637012,3.37574347
2024-10-21,1.80256256,1.99031001,2.36331327,1.92934232,2.30911195,3.37019991
2024-10-22,1.80615044,1.99259450,2.36966507,1.93101444,2.30933149,3.36840937
2024-10-23,1.79334623,1.97635628,2.34824174,1.92538496,2.28810398,3.33763134
2024-10-24,1.80318001,1.98636781,2.35474520,1.92710446,2.29812637,3.34484998
2024-10-25,1.79887125,1.98323006,2.35539322,1.92727547,2.29620936,3.34369393
2024-10-28,1.79967513,1.98811386,2.36133165,1.92884235,2.30583152,3.35403109
2024-10-29,1.80510703,1.99322935,2.36874961,1.93079627,2.31035035,3.35945954
2024-10-30,1.80687776,1.99132539,2.36301858,1.92928990,2.30384297,3.34929612
2024-10-31,1.79180956,1.97152262,2.33026705,1.90189628,2.27489233,3.28363958
2024-11-01,1.78180428,1.96572103,2.33532917,1.90602783,2.27552313,3.29749847
2024-11-04,1.79329188,1.97648179,2.33249467,1.90371440,2.28310536,3.29039565
2024-11-05,1.80568629,1.99391056,2.35356738,1.92091333,2.30750344,3.33018250
2024-11-06,1.78228217,1.98215566,2.37054591,1.93477071,2.31586916,3.41298910
2024-11-07,1.80414609,2.00726243,2.40179987,1.96027929,2.34426150,3.43937855
2024-11-08,1.81100547,2.00686986,2.40078381,1.95945001,2.33765783,3.45427695
2024-11-11,1.79879522,1.99659609,2.38229611,1.94436089,2.33088028,3.45756920
2024-11-12,1.77924769,1.97215485,2.37153778,1.93558025,2.30304073,3.44682847
2024-11-13,1.76745112,1.95829123,2.36293540,1.92855924,2.28901685,3.44850283
2024-11-14,1.76821852,1.95489909,2.35034170,1.91828062,2.28013306,3.42632860
2024-11-15,1.75894532,1.94193489,2.32025217,1.89372243,2.26071988,3.38244199
2024-11-18,1.77015792,1.95583931,2.34350514,1.91270082,2.27708265,3.39630124
2024-11-19,1.77883928,1.96513625,2.35873349,1.92512976,2.28685377,3.40871562
2024-11-20,1.77820004,1.96474401,2.36297526,1.92859177,2.28673457,3.40987094
2024-11-21,1.78329433,1.97173928,2.37660570,1.93971654,2.29650648,3.42817597
2024-11-22,1.79068874,1.98223074,2.39054500,1.95109339,2.30986992,3.43880160
2024-11-25,1.80193683,1.99164226,2.37103395,1.93516904,2.31727994,3.45046566
2024-11-26,1.80114440,1.98875216,2.38093637,1.94325111,2.31442490,3.46848294
2024-11-27,1.80684048,1.99329839,2.37404694,1.93762815,2.31655056,3.45797349
2024-11-29,1.82341915,2.00979368,2.39274126,1.95288591,2.33400047,3.47945387
2024-12-02,1.82329604,2.01166555,2.38599522,1.94737999,2.33818439,3.48569055
2024-12-03,1.81857231,2.00832205,2.38230641,1.94436929,2.33736737,3.48730772
2024-12-04,1.83120948,2.02096718,2.39249163,1.95268217,2.35046181,3.50896219
2024-12-05,1.83002404,2.01866249,2.37597662,1.93920311,2.34713106,3.50318736
2024-12-06,1.83222338,2.02215406,2.38059906,1.94297580,2.35201075,3.50982833
2024-12-09,1.82621701,2.02068455,2.38039884,1.94281239,2.35289884,3.49175386
2024-12-10,1.82449125,2.01545937,2.38493964,1.94651846,2.34366356,3.48089803
2024-12-11,1.82561650,2.02169558,2.40225829,1.96065344,2.35726526,3.50780759
2024-12-12,1.80644755,2.00089225,2.37598380,1.93920896,2.33532235,3.48973312
2024-12-13,1.79337480,1.98986982,2.36081679,1.92683009,2.32745631,3.48904035
2024-12-16,1.79802713,1.99548646,2.37070316,1.93489906,2.33450914,3.50393767
2024-12-17,1.79621320,1.99073521,2.35536718,1.92238227,2.32605312,3.48950184
2024-12-18,1.76091359,1.94421093,2.28214589,1.86262118,2.26303312,3.38550224
2024-12-19,1.74934116,1.93422177,2.27961752,1.86055760,2.25567559,3.38446238
2024-12-20,1.76251166,1.94738846,2.30379272,1.88028870,2.27097908,3.42511357
2024-12-23,1.75775905,1.94555831,2.30301045,1.87965024,2.27479232,3.44562386
2024-12-24,1.76744741,1.95668206,2.31993748,1.89346558,2.28989322,3.48392267
2024-12-26,1.77037828,1.96103528,2.33313697,1.90423862,2.29547027,3.48415431
2024-12-27,1.75643983,1.94504701,2.30826951,1.88394252,2.27599742,3.44747843
2024-12-30,1.75488265,1.93917180,2.29111863,1.86994448,2.26228921,3.40813687
2024-12-31,1.75147815,1.93563936,2.29406989,1.87235321,2.25798432,3.39573761
2025-01-02,1.75681837,1.94041298,2.30320447,1.87980859,2.26052107,3.38739494
2025-01-03,1.75805959,1.94687812,2.31818804,1.89203774,2.27550603,3.42974818
2025-01-06,1.75855214,1.95007998,2.32199727,1.89514672,2.28364159,3.44950565
2025-01-07,1.74676728,1.93687095,2.31140312,1.88650009,2.26710588,3.41051299
2025-01-08,1.75008239,1.93783324,2.31313037,1.88790982,2.26625201,3.41549543
2025-01-10,1.73898089,1.92069713,2.29175722,1.87046567,2.23962953,3.36334996
2025-01-13,1.73531578,1.91510962,2.28681927,1.86643546,2.23334546,3.36856440
2025-01-14,1.73725730,1.92116008,2.30053628,1.87763089,2.24300805,3.37319938
2025-01-15,1.76331897,1.95065510,2.33530523,1.90600830,2.27871869,3.43455761
2025-01-16,1.76830617,1.95466557,2.34075153,1.91045341,2.28104558,3.42795261
2025-01-17,1.77302391,1.96222687,2.34781559,1.91621889,2.29395359,3.46236891
2025-01-21,1.79337014,1.98646064,2.38212783,1.94422354,2.32329441,3.49406128
2025-01-22,1.79355274,1.98733192,2.38548628,1.94696461,2.32667764,3.51370328
2025-01-23,1.79107580,1.98702453,2.39232365,1.95254508,2.33116230,3.53288128
2025-01-24,1.79645903,1.99232121,2.39272962,1.95287642,2.33499073,3.52256858
2025-01-27,1.79489784,1.98144777,2.36551107,1.93066143,2.31177669,3.47274024
2025-01-28,1.80149283,1.99029822,2.37998204,1.94247221,2.32450518,3.50257912
2025-01-29,1.79631043,1.98586445,2.37155943,1.93559792,2.31971453,3.48687681
2025-01-30,1.80939132,2.00345633,2.39581207,1.95539222,2.34179560,3.50559153
2025-01-31,1.80085896,1.99274625,2.38597656,1.94768297,2.32806247,3.48693508
2025-02-03,1.80388858,1.99026416,2.37770865,1.94123847,2.31743739,3.46346993
2025-02-04,1.81523356,2.00830966,2.40056024,1.95905315,2.34236162,3.48670380
2025-02-05,1.83409697,2.02610553,2.41240444,1.96828270,2.35888132,3.50084037
2025-02-06,1.83526030,2.02791327,2.41726549,1.97206981,2.36267625,3.51300800
2025-02-07,1.82474776,2.01560128,2.40116431,1.95952694,2.34633699,3.48085163
2025-02-10,1.83336854,2.02887142,2.42984584,1.98187671,2.36515580,3.50449088
2025-02-11,1.82815427,2.02256030,2.42557608,1.97855132,2.35953415,3.50715619
2025-02-12,1.81705275,2.01436255,2.42429276,1.97755176,2.35443184,3.49585757
2025-02-13,1.84096532,2.03939437,2.45241945,1.99945975,2.38174875,3.53276546
2025-02-14,1.83962224,2.03938127,2.44365422,1.99263602,2.38277214,3.53259137
2025-02-18,1.83947990,2.04374434,2.46138191,2.00643927,2.39263662,3.54296270
2025-02-19,1.83996721,2.04192652,2.46399695,2.00847475,2.38892320,3.55130645
2025-02-20,1.84192947,2.04368167,2.45751817,2.00343208,2.38896111,3.53653178
2025-02-21,1.84166139,2.03512009,2.42574968,1.97870255,2.36691284,3.47604256
2025-02-24,1.84372834,2.03109958,2.41691578,1.97182193,2.35635879,3.46022515
2025-02-25,1.85143854,2.03442382,2.39213369,1.95251623,2.35381853,3.44301682
2025-02-26,1.85720153,2.04167459,2.39567944,1.95527973,2.36151556,3.44475521
2025-02-27,1.83575456,2.01304588,2.34858582,1.91857825,2.32371040,3.38976998
2025-02-28,1.85090761,2.02437001,2.36826024,1.93460714,2.33580393,3.44266972
2025-03-03,1.85317214,2.01964801,2.34755989,1.91769724,2.32023269,3.38235387
2025-03-04,1.84096234,2.01172157,2.34274192,1.91376149,2.31306881,3.34231739
2025-03-05,1.84500313,2.02590165,2.36294039,1.93026141,2.34002288,3.37824008
2025-03-06,1.82991552,2.00610006,2.32328877,1.89787042,2.31142416,3.31827206
2025-03-07,1.83217538,2.01103287,2.33372847,1.90639850,2.32097550,3.33687095
2025-03-10,1.81987432,1.98566835,2.27604812,1.85928002,2.27578247,3.24799133
2025-03-11,1.81420592,1.98434496,2.27682519,1.85991480,2.27535721,3.22099113
2025-03-12,1.81504263,1.98876540,2.29271305,1.87289343,2.28490541,3.23808364
2025-03-13,1.82108246,1.98916325,2.28234632,1.86442495,2.27497181,3.19491857
2025-03-14,1.83031057,2.00763091,2.31675357,1.89253188,2.30771648,3.26091251
2025-03-17,1.84203896,2.02395185,2.33189620,1.90490174,2.32930806,3.28605814
2025-03-18,1.84206708,2.02061905,2.31931650,1.89462551,2.31963647,3.25054082
2025-03-19,1.85357041,2.03446419,2.34125721,1.91254864,2.33769777,3.28594232
2025-03-20,1.85066174,2.02804356,2.33535569,1.90772776,2.32737730,3.27643964
2025-03-21,1.84188471,2.01849627,2.33191244,1.90491500,2.31819327,3.27752087
2025-03-24,1.84076376,2.02450261,2.35942933,1.92739327,2.33620625,3.33621668
2025-03-25,1.84453778,2.02739683,2.36926858,1.93543084,2.33935730,3.34423598
2025-03-26,1.83087849,2.01072818,2.34465588,1.91532499,2.31699856,3.30431137
2025-03-27,1.83286158,2.01297188,2.34860446,1.91855054,2.31848655,3.29553671
2025-03-28,1.83523105,2.00493376,2.31803019,1.89357474,2.29428954,3.22916942
2025-03-31,1.85019176,2.01453028,2.33428216,1.90685080,2.29942415,3.25084620
2025-04-01,1.85792773,2.02210901,2.33530493,1.90768629,2.30676421,3.26002803
2025-04-02,1.86173336,2.02916198,2.34363523,1.91449122,2.31813361,3.28065882
2025-04-03,1.83499301,1.98669896,2.28404092,1.86580925,2.24838932,3.11898530
2025-04-04,1.79431455,1.92538850,2.17142161,1.77381171,2.15223165,2.93639109
2025-04-07,1.75797434,1.88641745,2.13711752,1.74578906,2.11490625,2.93116064
2025-04-08,1.73793064,1.86322736,2.12740526,1.73785522,2.08743016,2.88525060
2025-04-09,1.81712311,1.96672726,2.28283069,1.86482063,2.23635596,3.18825782
2025-04-10,1.78049811,1.92651776,2.25306404,1.84050456,2.18253207,3.04855099
2025-04-11,1.80453770,1.95788683,2.29961336,1.87853022,2.22362606,3.10294597
2025-04-14,1.81440297,1.96965833,2.31092679,1.88777204,2.23936462,3.13304922
2025-04-15,1.81940924,1.97534279,2.31974820,1.89497816,2.24460866,3.12427384
2025-04-16,1.82484530,1.97531542,2.32474640,1.89906114,2.23199526,3.05482760
2025-04-17,1.81888582,1.97424330,2.33085250,1.90404915,2.23668970,3.05918561
2025-04-21,1.80472229,1.96061114,2.33217925,1.90513296,2.21725827,2.98636906
2025-04-22,1.81969319,1.98153869,2.35746486,1.92578850,2.25060451,3.06406770
2025-04-23,1.82623574,1.99186717,2.35394845,1.92291599,2.26805127,3.11154690
2025-04-24,1.85258394,2.02265532,2.39232780,1.95426768,2.30668322,3.17704158
2025-04-25,1.85851130,2.02739769,2.39287141,1.95471175,2.31250508,3.19999705
2025-04-28,1.87048553,2.03940303,2.40984521,1.96857747,2.32351536,3.20121676
2025-04-29,1.87684273,2.04559991,2.40869494,1.96763783,2.33088856,3.22138283
2025-04-30,1.86736966,2.03686779,2.40205979,1.96532310,2.32415031,3.22266082
2025-05-01,1.85807110,2.03032918,2.37801634,1.95942152,2.32318746,3.24549939
2025-05-02,1.86091351,2.04514754,2.38602228,1.96140052,2.35333959,3.29367639
2025-05-05,1.86565640,2.05126509,2.40672084,1.96650502,2.35812431,3.27478974
2025-05-06,1.87495744,2.05722086,2.43084620,1.97241879,2.35729380,3.24741798
2025-05-07,1.87390058,2.05325511,2.41939498,1.96963129,2.35250775,3.26107509
2025-05-08,1.86000458,2.04515537,2.39170281,1.96286803,2.35295412,3.28379676
2025-05-09,1.86430060,2.05058167,2.40259276,1.96554924,2.35853943,3.27961284
2025-05-12,1.86301997,2.06182452,2.37666272,1.95918527,2.39161504,3.38799598
2025-05-13,1.86493292,2.06684524,2.37783002,1.95947395,2.40142681,3.41037019
2025-05-14,1.85112886,2.05464703,2.35204761,1.95310007,2.39233248,3.41472857
2025-05-15,1.86867050,2.07132923,2.38001503,1.96006717,2.40865226,3.43140708
2025-05-16,1.86960097,2.07260989,2.37436872,1.95867216,2.41250114,3.45314176
2025-05-19,1.87462807,2.07819852,2.38980052,1.96249118,2.41922815,3.45691923
2025-05-20,1.87540123,2.08065242,2.40269426,1.96566766,2.42231726,3.44529618
2025-05-21,1.85517734,2.05884885,2.39021004,1.96260362,2.39567114,3.38724027
2025-05-22,1.85596955,2.05825994,2.38687174,1.96178130,2.39388442,3.38857724
2025-05-23,1.86274172,2.06495764,2.40670649,1.96667198,2.39724290,3.36544768
2025-05-27,1.88009715,2.08424768,2.41596913,1.96894271,2.42424871,3.43541691
2025-05-28,1.87073746,2.07268555,2.40138201,1.96537629,2.40920860,3.41554219
2025-05-29,1.88323460,2.08439764,2.41706860,1.96922782,2.42028447,3.42902413
2025-05-30,1.88155938,2.07905199,2.41416624,1.96851844,2.41214381,3.42518910
2025-06-02,1.88935167,2.09125708,2.44919384,1.97708693,2.43001883,3.44448328
2025-06-03,1.88585283,2.09140370,2.43773801,1.97431265,2.43483212,3.46412564
2025-06-04,1.90220248,2.10755441,2.45669917,1.97891961,2.44848977,3.46319548
2025-06-05,1.89819606,2.10431560,2.45623832,1.97880825,2.44436360,3.44645798
2025-06-06,1.88831441,2.10014298,2.45080990,1.97749626,2.45024779,3.48185085
2025-06-09,1.89146910,2.10625997,2.46153818,1.98009318,2.45845613,3.48498807
2025-06-10,1.89883210,2.11482373,2.46755806,1.98154592,2.46904860,3.50474698
2025-06-11,1.90171387,2.11717550,2.47409324,1.98312032,2.46927745,3.49475117
2025-06-12,1.91983787,2.13250948,2.49206051,1.98744084,2.48200736,3.50864063
2025-06-13,1.90913588,2.11635613,2.47909439,1.98433866,2.45815809,3.46941346
2025-06-16,1.90067265,2.11514702,2.48054154,1.98468616,2.46760014,3.50242265
2025-06-17,1.90420762,2.11122768,2.45996858,1.97974802,2.45295632,3.47249385
2025-06-18,1.90370929,2.11152174,2.45679085,1.97898081,2.45394188,3.47197050
2025-06-20,1.89918979,2.10504798,2.44437009,1.97597928,2.44498705,3.46381667
2025-06-23,1.90939463,2.11861477,2.45968353,1.97969300,2.46399793,3.49803047
2025-06-24,1.91685804,2.13342569,2.47802610,1.98412194,2.48818797,3.53667422
2025-06-25,1.91837613,2.13257893,2.47672096,1.98380844,2.48503803,3.53865576
2025-06-26,1.92811870,2.14647513,2.49055552,1.98713281,2.50463019,3.56634117
2025-06-27,1.91974838,2.13843292,2.47974340,1.98454482,2.50081097,3.58406026
2025-06-30,1.93519931,2.15306381,2.49269050,1.98765330,2.51445870,3.60119666
2025-07-01,1.94040147,2.15858271,2.50026059,1.98946420,2.51917332,3.60003090
2025-07-02,1.94025680,2.16374496,2.51091691,1.99200797,2.53061177,3.61635115
2025-07-03,1.93576858,2.16331286,2.50918668,1.99159618,2.53710602,3.64485270
2025-07-07,1.92230885,2.14539114,2.48891435,1.98676900,2.51398818,3.61769136
2025-07-08,1.91813853,2.14483084,2.49151775,1.98739245,2.51714601,3.61570982
2025-07-09,1.93297436,2.15989641,2.50009578,1.98944516,2.53322452,3.63739235
2025-07-10,1.93576288,2.16310399,2.50363769,1.99029070,2.53737337,3.64765038
2025-07-11,1.92463628,2.15095522,2.50090156,1.98963817,2.52409593,3.63482740
2025-07-14,1.92239808,2.15099300,2.49906356,1.98919949,2.52696365,3.64176368
2025-07-15,1.91081824,2.13890807,2.49292486,1.98773361,2.51349352,3.62620129
2025-07-16,1.91642773,2.14686296,2.50439470,1.99047725,2.52413475,3.63832467
2025-07-17,1.91894250,2.15344799,2.50953175,1.99170212,2.53612507,3.66058954
2025-07-18,1.92034585,2.15249987,2.50747675,1.99121283,2.53260224,3.65790876
2025-07-21,1.93584059,2.16781734,2.53021888,1.99663076,2.54676967,3.66484468
2025-07-22,1.94582849,2.17779388,2.54338298,1.99974715,2.55584040,3.66536911
2025-07-23,1.94523407,2.18364014,2.56251655,2.00426031,2.57240328,3.69655252
2025-07-24,1.94003630,2.17463678,2.54632641,2.00046140,2.56062664,3.69777582
2025-07-25,1.94341485,2.17625162,2.53488371,1.99776449,2.56177890,3.71339684
2025-07-28,1.93219375,2.16430151,2.51018803,1.99192563,2.54933936,3.71246416
2025-07-29,1.94554676,2.17359589,2.51114293,1.99215295,2.55205635,3.70267266
2025-07-30,1.93217469,2.15874530,2.48454765,1.98582334,2.53677306,3.69800926
2025-07-31,1.93140858,2.15397368,2.47641021,1.98387214,2.52659165,3.68413742
2025-08-01,1.94255180,2.15700438,2.48487805,1.98590723,2.51504560,3.62375323
2025-08-04,1.95752109,2.17861142,2.50930081,1.99176281,2.54675313,3.67883306
2025-08-05,1.95777917,2.17991803,2.51228335,1.99247303,2.54670574,3.66018165
2025-08-06,1.95728300,2.18213560,2.51994264,1.99429539,2.55481963,3.68821740
2025-08-07,1.96061347,2.18834065,2.54159742,1.99943670,2.56334324,3.68512801
2025-08-08,1.96209462,2.19109967,2.54591089,2.00045470,2.57069144,3.71386300
2025-08-11,1.95529330,2.18308120,2.52774035,1.99617144,2.56135272,3.70651883
2025-08-12,1.95853972,2.19642605,2.54752964,2.00085976,2.58746286,3.74597872
2025-08-13,1.96966193,2.21218212,2.56545688,2.00508384,2.60696450,3.75880170
2025-08-14,1.96085674,2.19921597,2.54963083,2.00137309,2.59225703,3.75915132
2025-08-15,1.95503832,2.19405162,2.55615842,2.00291027,2.58816645,3.75035041
2025-08-18,1.95165582,2.19310497,2.55885172,2.00354338,2.58938861,3.74953391
2025-08-19,1.95148222,2.18718121,2.54731377,2.00083316,2.57666636,3.72919231
2025-08-20,1.95678296,2.19078999,2.55775794,2.00329423,2.57753581,3.71928354
2025-08-21,1.94793561,2.18264734,2.54756441,2.00089909,2.56904288,3.70436284
2025-08-22,1.96925414,2.21491854,2.58635078,2.01003813,2.61421168,3.76124940
2025-08-25,1.96100522,2.20351825,2.56795673,2.00574953,2.59852212,3.74469642
2025-08-26,1.96547579,2.20893881,2.57103195,2.00647012,2.60575400,3.76037499
2025-08-27,1.96606297,2.20950714,2.56558980,2.00519598,2.60701907,3.76894355
2025-08-28,1.97721577,2.22111185,2.57836167,2.00819062,2.61912319,3.78229060
2025-08-29,1.97096718,2.21310566,2.57749482,2.00798807,2.60786056,3.75973438
2025-09-02,1.96873985,2.21070824,2.58866567,2.01059886,2.60203746,3.73187344
2025-09-03,1.98434466,2.22518411,2.60004828,2.01325110,2.61559493,3.75209886
2025-09-04,1.99476357,2.23615830,2.59975085,2.01318200,2.62948968,3.78345636
2025-09-05,2.01272763,2.25631160,2.62563479,2.01919517,2.64776473,3.77249873
2025-09-08,2.03230251,2.27678498,2.65235394,2.02535953,2.66789020,3.78176617
2025-09-09,2.02696563,2.27224394,2.65225336,2.02533648,2.66540218,3.79050918
2025-09-10,2.03495823,2.27953607,2.66128257,2.02740497,2.67201756,3.80146680
2025-09-11,2.04671736,2.29680210,2.68227902,2.03220360,2.69605387,3.83305845
2025-09-12,2.04281084,2.29217901,2.67998538,2.03168227,2.69104072,3.83177508
2025-09-15,2.05352493,2.30579246,2.70173215,2.03662810,2.70826209,3.85217531
2025-09-16,2.05493915,2.30813200,2.70770997,2.03797997,2.71014881,3.84687166
2025-09-17,2.04793875,2.30279986,2.70127703,2.03652743,2.70614116,3.84209209
2025-09-18,2.04047107,2.30306053,2.69895742,2.03600279,2.71607685,3.86004427
2025-09-19,2.04525703,2.30595215,2.70299912,2.03691747,2.71868107,3.87916256
2025-09-22,2.05275505,2.31677414,2.72591787,2.04209878,2.73355472,3.89751507
2025-09-23,2.05732226,2.31962141,2.72838962,2.04265429,2.73174822,3.87629906
2025-09-24,2.04715500,2.30710107,2.71180186,2.03892868,2.71694835,3.86396598
2025-09-25,2.04502794,2.30149409,2.70384743,2.03713446,2.70635771,3.84613969
2025-09-26,2.05136137,2.30926129,2.71430491,2.03949813,2.71761255,3.86817436
2025-09-29,2.06798815,2.32716242,2.74098593,2.04551247,2.73558856,3.87904566
2025-09-30,2.07201868,2.33280601,2.75612957,2.04890284,2.74402492,3.89365738
2025-10-01,2.07852987,2.34171546,2.76829090,2.05161505,2.75604554,3.90692530
2025-10-02,2.08055307,2.34628495,2.77315690,2.05269693,2.76283324,3.91142503
2025-10-03,2.08407472,2.35218075,2.77942648,2.05408916,2.77098944,3.91136748
2025-10-06,2.08769584,2.36018986,2.80811560,2.06044982,2.78401661,3.92539435
2025-10-07,2.09127819,2.35784340,2.80080008,2.05883950,2.77398725,3.91084090
2025-10-08,2.10313186,2.37483252,2.83432466,2.06623257,2.79622099,3.93416146
2025-10-09,2.09096219,2.35887382,2.80603783,2.06004621,2.77692783,3.92276429
2025-10-10,2.09116757,2.33966141,2.74849893,2.04737360,2.72902559,3.81674036
2025-10-13,2.11147239,2.37367832,2.81683976,2.06264585,2.77785523,3.87530487
2025-10-14,2.11778878,2.37970285,2.80885863,2.06089258,2.78272705,3.87057062
2025-10-15,2.12699402,2.39603895,2.84707182,2.06930382,2.80565368,3.88775413
2025-10-16,2.14154556,2.40746660,2.87192201,2.07472229,2.81008020,3.86127729
2025-10-17,2.13525169,2.39975751,2.86001807,2.07214241,2.80477224,3.88319541
2025-10-20,2.16269165,2.43456840,2.91975520,2.08512665,2.84671028,3.92358259
2025-10-21,2.13644450,2.40269771,2.84614097,2.06935529,2.81303872,3.92352396
2025-10-22,2.13384721,2.39564857,2.83622817,2.06719309,2.80047908,3.90312588
2025-10-23,2.13370727,2.40229891,2.85632295,2.07158693,2.81554468,3.92627128
2025-10-24,2.13753501,2.41046415,2.86955912,2.07446685,2.83014845,3.95835894
2025-10-27,2.13622757,2.41275334,2.87055438,2.07468270,2.84092720,4.00505869
2025-10-28,2.13680849,2.41239528,2.87071219,2.07471691,2.84079092,4.01569583
2025-10-29,2.12495663,2.40241121,2.87689553,2.07605756,2.83376007,4.01762485
2025-10-30,2.12135775,2.39528059,2.87113978,2.07481150,2.81947138,3.97343862
2025-10-31,2.11760504,2.39279320,2.86831477,2.07217838,2.81977966,3.98647202
2025-11-03,2.11727398,2.39426844,2.88065501,2.08070385,2.82360551,3.99395324
2025-11-04,2.10274302,2.36915728,2.82674433,2.04346567,2.78596869,3.94661072
2025-11-05,2.10129571,2.37608795,2.85222444,2.06108043,2.80206846,3.96028761
2025-11-06,2.10244151,2.36855948,2.82630131,2.04316639,2.78248213,3.91779624
2025-11-07,2.10455535,2.37089626,2.82633829,2.04319196,2.78561231,3.92165356
2025-11-10,2.12728605,2.40126748,2.88951996,2.08687078,2.82658445,3.98284814
2025-11-11,2.13602959,2.40882646,2.89178836,2.08843747,2.83362248,3.99196630
2025-11-12,2.14644736,2.41854058,2.90673156,2.09875780,2.84225240,3.99418739
2025-11-13,2.12361504,2.38762368,2.86778733,2.07186752,2.80011342,3.92790787
2025-11-14,2.10969007,2.37556018,2.85177951,2.06080785,2.79110185,3.92726438
2025-11-17,2.09896418,2.35699383,2.82152101,2.03989739,2.76256711,3.89067662
2025-11-18,2.09455233,2.35109262,2.81222640,2.03347124,2.75130278,3.85800446
2025-11-19,2.09497640,2.35109430,2.81605449,2.03611830,2.75237855,3.87290861
2025-11-20,2.08711352,2.33344930,2.78065947,2.01164464,2.72039086,3.81387686
2025-11-21,2.09777926,2.34949855,2.78601430,2.01534927,2.74469763,3.85186741
2025-11-24,2.11821238,2.37675502,2.83427145,2.04873211,2.78057288,3.90856153
2025-11-25,2.12812681,2.39131779,2.84314162,2.05486367,2.80246826,3.94532554
2025-11-26,2.14190627,2.40863521,2.86595918,2.07063427,2.82458434,3.97256170
2025-11-28,2.14694787,2.41683519,2.88698228,2.08165936,2.83747935,3.99424566
2025-12-01,2.13406398,2.40366911,2.87784189,2.07677855,2.82377471,3.97601005
2025-12-02,2.13333344,2.40392567,2.87026008,2.07272665,2.82603519,3.98337437
2025-12-03,2.13855577,2.41279861,2.88748020,2.08193580,2.83898906,3.99716815
2025-12-04,2.13489611,2.41193610,2.89636902,2.08668209,2.84157152,4.00009028
2025-12-05,2.13093785,2.41006426,2.89790835,2.08750337,2.84276606,4.00768839
2025-12-08,2.12441323,2.40396039,2.89362630,2.08521906,2.83635927,3.99564810
2025-12-09,2.12687299,2.40677724,2.89899131,2.08808219,2.83862666,3.99220010
2025-12-10,2.13833096,2.42300294,2.92706322,2.10305609,2.86083130,4.01867695
2025-12-11,2.14448064,2.43009737,2.94441952,2.11229113,2.86959063,4.02802820
2025-12-12,2.13097066,2.41066139,2.92342672,2.10113825,2.84247108,3.98471889
2025-12-15,2.13242955,2.40930330,2.91406870,2.09615734,2.83868150,3.97869874
2025-12-16,2.13503811,2.40918962,2.90355411,2.09055617,2.83433496,3.96782745
2025-12-17,2.13016772,2.39891736,2.89462230,2.08579368,2.81498399,3.92416708
2025-12-18,2.13944892,2.41278117,2.90962542,2.09379983,2.83488623,3.95379986
2025-12-19,2.14307081,2.42211784,2.92831159,2.10375803,2.85286049,3.98963479
2025-12-22,2.15553548,2.43845265,2.96696997,2.12432566,2.87363420,4.01448979
2025-12-23,2.16692195,2.44974030,2.97971962,2.13108600,2.88591408,4.03283762
2025-12-24,2.17293047,2.45529455,2.98010755,2.13129147,2.89174252,4.04702383
2025-12-26,2.17549830,2.45922070,2.99357238,2.13842286,2.89659826,4.04661342
2025-12-29,2.15639759,2.43672870,2.94147609,2.11086325,2.87183060,4.03219270
2025-12-30,2.15418271,2.43418462,2.93887662,2.10948178,2.86899389,4.02726889
2025-12-31,2.13879947,2.41785771,2.92212009,2.10066590,2.85055109,3.99743109
2026-01-02,2.14290556,2.43105360,2.96456879,2.12301078,2.87193108,4.00475835
2026-01-05,2.16546017,2.45981422,3.01715499,2.15058588,2.90647511,4.03143051
2026-01-06,2.17220093,2.47230484,3.04878982,2.16709711,2.92543318,4.05540643
2026-01-07,2.17061675,2.46801675,3.02906424,2.15683031,2.91724548,4.04233418
2026-01-08,2.16844642,2.46824654,3.04602186,2.16567183,2.91978548,4.04192377
2026-01-09,2.18357978,2.48607591,3.06590095,2.17602112,2.94133979,4.06865456
2026-01-12,2.19161739,2.49959733,3.10433067,2.19599337,2.95945810,4.07504411
2026-01-13,2.19018130,2.49569577,3.09458707,2.19094632,2.95230416,4.06689604
2026-01-14,2.19848813,2.50494885,3.11669872,2.20240950,2.95917849,4.04690657
2026-01-15,2.19693538,2.50690055,3.12560701,2.20701898,2.96521016,4.05792714
2026-01-16,2.18937813,2.49996469,3.11762153,2.20289015,2.95996007,4.05452698
2026-01-20,2.17951683,2.48783841,3.13445004,2.21159717,2.93726164,3.97198979
2026-01-21,2.20213523,2.51835055,3.18772219,2.23912041,2.97669121,4.01783096
2026-01-22,2.21867185,2.53837208,3.22330082,2.25741998,2.99976758,4.03881712
2026-01-23,2.22909727,2.54662359,3.22500896,2.25829595,3.00550101,4.04028215
2026-01-26,2.24459010,2.56092955,3.23918552,2.26556496,3.01943093,4.06079927
2026-01-27,2.25609264,2.58175572,3.29009106,2.29163613,3.04966625,4.07697853
2026-01-28,2.26989762,2.59695876,3.33414134,2.31410293,3.06296305,4.07656812
2026-01-29,2.27171833,2.59721506,3.33177695,2.31290129,3.06159043,4.06847868
2026-01-30,2.21332834,2.52679018,3.17736257,2.23385119,2.98768990,4.05634414
2026-02-02,2.19630146,2.51353266,3.14849100,2.21888336,2.98268432,4.07650985
2026-02-03,2.22315874,2.54155532,3.22329260,2.25775597,3.00414849,4.04204103
2026-02-04,2.21828173,2.52932979,3.19887341,2.24514324,2.98512644,4.02246198
2026-02-05,2.20576310,2.50817824,3.14638422,2.21797774,2.95122615,3.97222431
2026-02-06,2.23674082,2.55517790,3.24388627,2.26866046,3.01729122,4.04843058
2026-02-09,2.25426163,2.57797208,3.28686361,2.29082426,3.04550224,4.06795137
2026-02-10,2.25965404,2.58051007,3.27467572,2.28456044,3.04356341,4.05722359
2026-02-11,2.26124250,2.58739171,3.29935152,2.29725467,3.05506960,4.05628587
2026-02-12,2.24669579,2.56104933,3.22619572,2.25969428,3.01293236,3.99362088
2026-02-13,2.26433866,2.58249957,3.27171509,2.28320446,3.03510707,3.99643438
2026-02-17,2.25203612,2.56777559,3.23359276,2.26358670,3.02084524,4.00288256
2026-02-18,2.26229092,2.58160396,3.26739303,2.28103418,3.03863863,4.02304791
2026-02-19,2.26240311,2.58116537,3.27028199,2.28252139,3.03621266,4.01243739
2026-02-20,2.27564210,2.60102488,3.31502997,2.30555192,3.06351970,4.04145510
2026-02-23,2.28511984,2.60333838,3.31544661,2.30576559,3.05371741,4.00018632
2026-02-24,2.28499328,2.60986508,3.32956785,2.31300739,3.06871961,4.02926158
2026-02-25,2.29112221,2.62158079,3.34428281,2.32054527,3.08882242,4.06326172
2026-02-26,2.29562993,2.62299233,3.34921896,2.32307094,3.08439254,4.04069255
2026-02-27,2.30464121,2.62669243,3.34234166,2.31976200,3.08004358,4.02128939
2026-03-02,2.29689739,2.61769152,3.31440405,2.30658456,3.06990094,4.02357594
2026-03-03,2.26104630,2.56242940,3.17545529,2.24086908,2.99770576,3.98811078
2026-03-04,2.26879600,2.57837111,3.20878753,2.25685451,3.02356256,4.01624796
2026-03-05,2.25094275,2.54988771,3.14679068,2.22722112,2.98482172,3.99385540
2026-03-06,2.24511674,2.53787706,3.14844658,2.22801761,2.96215837,3.94150742
2026-03-09,2.25927966,2.55871743,3.17454565,2.24056913,2.99032841,3.97603487
2026-03-10,2.25390176,2.55703360,3.19310417,2.24947075,2.99215496,3.96964496
2026-03-11,2.23862690,2.54471680,3.18996396,2.24796735,2.98392080,3.96466253
2026-03-12,2.21510353,2.50764966,3.11843917,2.21371346,2.93145520,3.90445926
2026-03-13,2.19850169,2.48997109,3.08988138,2.19993636,2.91163890,3.88235949
2026-03-16,2.21529897,2.51507173,3.13686693,2.22267067,2.94666355,3.92186974
2026-03-17,2.21886842,2.52167562,3.14373741,2.22597904,2.95641278,3.93218639
2026-03-18,2.18690495,2.48134696,3.07146205,2.19120028,2.90632942,3.87731806
2026-03-19,2.17185262,2.46635194,3.02853220,2.17038677,2.89183234,3.86776323
2026-03-20,2.12559426,2.40798924,2.93234918,2.12354294,2.82205037,3.81231580
2026-03-23,2.13231713,2.42641294,2.96310086,2.13867727,2.85492987,3.85234508
2026-03-24,2.12527382,2.41719626,2.94383147,2.12922544,2.84321378,3.83941347
2026-03-25,2.15365844,2.45148166,3.00329987,2.15845647,2.88164628,3.86080933
2026-03-26,2.11437195,2.39953529,2.91095319,2.11335248,2.81587412,3.79186018
2026-03-27,2.11364426,2.39491748,2.93146686,2.12347361,2.80040896,3.72720178
2026-03-30,2.12428478,2.39727887,2.92603071,2.12079751,2.79337000,3.71474029
2026-03-31,2.16333026,2.45480927,3.03105864,2.15331537,2.87500940,3.82271986
2026-04-01,2.17790790,2.47475702,3.07196286,2.16582920,2.90198464,3.85152211
2026-04-02,2.17403522,2.46797509,3.03450763,2.15445740,2.89309041,3.85499025
2026-04-06,2.17443616,2.47220896,3.04471401,2.15757794,2.90279443,3.87321219
2026-04-07,2.17872774,2.47777924,3.05669804,2.16123499,2.90879283,3.87491641
2026-04-08,2.20759480,2.52843874,3.15854584,2.19224555,2.98703269,3.97360912
2026-04-09,2.21167018,2.53355178,3.16147556,2.19312121,2.99492946,3.99653294
2026-04-10,2.20865095,2.53222101,3.16687097,2.19473299,2.99533955,3.99388813
2026-04-13,2.21664054,2.54512656,3.17799492,2.19805284,3.01591626,4.03291819
2026-04-14,2.24096932,2.57814940,3.23051749,2.21369654,3.05856788,4.08205881
2026-04-15,2.23585792,2.57492899,3.21519493,2.20917500,3.06110094,4.11427021
2026-04-16,2.23020733,2.57219548,3.21546571,2.20925513,3.06253133,4.12438040
2026-04-17,2.25506924,2.60611241,3.26376793,2.22354662,3.10671403,4.17422637
2026-04-20,2.24870622,2.59872044,3.24226023,2.21723662,3.09806815,4.16587902
2026-04-21,2.22129427,2.56489996,3.17203066,2.19655461,3.05775514,4.13860545
2026-04-22,2.23601356,2.58703387,3.20876695,2.20750951,3.08865649,4.18051592
2026-04-23,2.22550203,2.57104195,3.17335767,2.19701916,3.06735288,4.16429242
2026-04-24,2.23535422,2.58991402,3.20790034,2.20731778,3.09604683,4.19656281
2026-04-27,2.22714345,2.58183644,3.19383230,2.20314923,3.08981317,4.20379260
2026-04-28,2.21567928,2.56308288,3.15878591,2.19273844,3.06401152,4.18333698
2026-04-29,2.20105278,2.54761324,3.13179880,2.18467108,3.04908100,4.18269061
2026-04-30,2.21803473,2.57657468,3.19404543,2.19755493,3.09247280,4.22430685
2026-05-01,2.22205447,2.58293631,3.19912126,2.19860260,3.10111473,4.23600436
2026-05-04,2.20035236,2.56039108,3.17193321,2.19299709,3.07792383,4.22048621
2026-05-05,2.21705679,2.58722943,3.22025972,2.20302062,3.11553698,4.25434392
2026-05-06,2.25244290,2.63680472,3.30323714,2.22005039,3.18084331,4.31347675
2026-05-07,2.24256082,2.61959936,3.27296363,2.21394650,3.15582020,4.30025127
2026-05-08,2.25683039,2.64405783,3.30774631,2.22100496,3.19143533,4.33575456
2026-05-11,2.25284915,2.64191836,3.31367229,2.22219867,3.19252561,4.34562952
2026-05-12,2.24237652,2.62017171,3.26493856,2.21239420,3.16216784,4.33904609
2026-05-13,2.24236327,2.62737929,3.28219833,2.21590288,3.17864312,4.36332235
2026-05-14,2.24400790,2.62992776,3.28349394,2.21616529,3.18501755,4.39776779
2026-05-15,2.20798472,2.57965231,3.19419907,2.19808465,3.12115439,4.34486553
2026-05-18,2.20970952,2.57974903,3.18921971,2.19705669,3.12042457,4.34180888
2026-05-19,2.19045882,2.55577428,3.14855504,2.18865251,3.09156246,4.31288901
2026-05-20,2.21661216,2.59339018,3.20961251,2.20138536,3.14119956,4.35709179
2026-05-21,2.22201121,2.60292959,3.22789318,2.20514682,3.15473904,4.36573228
2026-05-22,2.22551971,2.60671977,3.22728663,2.20502252,3.15972124,4.38289637
2026-05-26,2.23675396,2.63471919,3.28924059,2.21772141,3.20395924,4.41199285
2026-05-27,2.23189073,2.62840093,3.27395949,2.21463049,3.19648881,4.41122851
2026-05-28,2.24481887,2.64336753,3.29514347,2.21892939,3.21372869,4.43556340
2026-05-29,2.25172554,2.64939078,3.30054077,2.22001974,3.21940935,4.44661418
2026-06-01,2.24645318,2.64833695,3.32428501,2.22481101,3.22325424,4.45872281
2026-06-02,2.25129562,2.65903507,3.35104816,2.23018447,3.23930020,4.46477749
2026-06-03,2.23672491,2.63887386,3.31896398,2.22377868,3.21237525,4.43344733
2026-06-04,2.24675296,2.64790252,3.31732854,2.22344995,3.22193668,4.45019994
2026-06-05,2.20359722,2.57244240,3.15284760,2.19037679,3.11060534,4.33534308
2026-06-08,2.20254818,2.58256653,3.19731258,2.19964413,3.13196328,4.34515904
2026-06-09,2.19888451,2.57659187,3.18959682,2.19805167,3.12283210,4.33240404
2026-06-10,2.16512888,2.53402386,3.13854136,2.18749649,3.06885774,4.26410126
2026-06-11,2.20771015,2.59865814,3.25083626,2.21097664,3.15642882,4.33657754
2026-06-12,2.20941675,2.60447884,3.27279097,2.21545623,3.16840739,4.36003082
2026-06-15,2.23263836,2.64199545,3.35184422,2.23151033,3.22369322,4.43691547
2026-06-16,2.23612472,2.63559830,3.30312173,2.22177914,3.20566205,4.41046452
2026-06-17,2.21851633,2.61560578,3.28245734,2.21760929,3.17936553,4.35538721
2026-06-18,2.22876341,2.64167327,3.36702385,2.23474909,3.22242934,4.40067014
2026-06-22,2.21694752,2.63507767,3.38069962,2.23747214,3.22082858,4.38682132
2026-06-23,2.19645182,2.59115469,3.26885015,2.21526430,3.15104094,4.32311610
2026-06-24,2.19467245,2.58657513,3.27057635,2.21561525,3.14322849,4.32111227
2026-06-25,2.20152129,2.60049285,3.29908028,2.22140815,3.16371591,4.32735902
2026-06-26,2.20137960,2.59677972,3.27486945,2.21651750,3.15297745,4.29606627
2026-06-29,2.20757622,2.60467537,3.30276904,2.22218245,3.17028346,4.36684337
2026-06-30,2.20163305,2.60788130,3.34295131,2.23029313,3.18664268,4.40084711
2026-07-01,2.19548690,2.59095601,3.29032968,2.21976097,3.16042687,4.39489494
2026-07-02,2.20681173,2.59577307,3.25207404,2.21201843,3.15912283,4.38911975
2026-07-06,2.21839693,2.61786069,3.30328385,2.22246810,3.19355186,4.42742539
2026-07-07,2.19727621,2.58480814,3.24275643,2.21025115,3.15033676,4.40638671
2026-07-08,2.18799921,2.57634923,3.24431727,2.21057031,3.14150399,4.39277349
2026-07-09,2.20007446,2.59566863,3.28515065,2.21891706,3.16984201,4.42995941
2026-07-10,2.20177221,2.59658740,3.28588957,2.21906679,3.17237787,4.44905324
2026-07-13,2.17736015,2.55804379,3.21651985,2.20501251,3.12091125,4.41499051
2026-07-14,2.18836845,2.57675945,3.25170744,2.21224913,3.14691615,4.43066656
2026-07-15,2.19410792,2.58161862,3.25175726,2.21225929,3.15279959,4.44822811
2026-07-16,2.17975393,2.55829634,3.21046514,2.20383165,3.12048621,4.42412487
2026-07-17,2.18084096,2.55308308,3.17376504,2.19627378,3.10458029,4.38033861
2026-07-20,2.17037847,2.54363022,3.17316449,2.19614911,3.09606951,4.37326709
2026-07-21,2.18464796,2.57245749,3.23770998,2.20955070,3.14063663,4.40974586
2026-07-22,2.18719280,2.57142350,3.21640996,2.20518989,3.13605860,4.40461847
2026-07-23,2.16504268,2.54429976,3.18341944,2.19840434,3.10050823,4.35022457
2026-07-24,2.16802975,2.53899707,3.14736162,2.19093410,3.08898176,4.35464445
2026-07-27,2.17809812,2.55035876,3.15519987,2.19257101,3.10039762,4.35558756
2026-07-28,2.17845502,2.54182028,3.12579935,2.18644182,3.08536431,4.36601824
2026-07-29,2.15528000,2.51179968,3.06597331,2.17388764,3.04583546,4.29883625
2026-07-30,2.17754175,2.55304481,3.15608128,2.19305459,3.11044212,4.37090967
2026-07-31,2.16734320,2.54343834,3.16618884,2.19516161,3.10557730,4.40237939
2026-08-03,2.17964030,2.56069349,3.21689050,2.20570726,3.13244056,4.46508251
2026-08-04,2.20279797,2.59767960,3.29252010,2.22126422,3.18755723,4.54558349
2026-08-05,2.22307438,2.61455813,3.27334068,2.21738246,3.19796380,4.53650777
2026-08-06,2.21652971,2.60457407,3.26203381,2.21508465,3.18545895,4.52925928
2026-08-07,2.23579722,2.63107409,3.29350096,2.22149499,3.21961201,4.55695728
2026-08-10,2.23124475,2.62408936,3.28414273,2.21960132,3.21091749,4.55560197
2026-08-11,2.22919511,2.62367383,3.28065555,2.21889428,3.21055232,4.54104563
2026-08-12,2.23519797,2.63692614,3.29763463,2.22233945,3.23071673,4.55241942
2026-08-13,2.23836923,2.64113332,3.32088603,2.22704032,3.23872015,4.58418373
2026-08-14,2.23369403,2.63903159,3.32298169,2.22746194,3.23873886,4.57510836
2026-08-17,2.22717808,2.63695835,3.31218769,2.22529131,3.23908252,4.55348015
2026-08-18,2.21645087,2.61124152,3.27212522,2.21721652,3.19749124,4.52271794
2026-08-19,2.25214608,2.64855091,3.27765258,2.21834014,3.23198138,4.53220587
2026-08-20,2.24024996,2.63726099,3.24595236,2.21190365,3.21861972,4.49413582
2026-08-21,2.25030035,2.65268411,3.26252281,2.21529115,3.24027397,4.51252250
2026-08-24,2.25783587,2.65203809,3.24125942,2.21095973,3.22987784,4.49926286
2026-08-25,2.27352009,2.67255116,3.25601147,2.21397857,3.25404413,4.51364222
2026-08-26,2.26302838,2.66117372,3.25615689,2.21400823,3.24296945,4.51464432
2026-08-27,2.26590131,2.66820338,3.28132537,2.21914219,3.25613925,4.54422782
2026-08-28,2.24555162,2.64107402,3.25693268,2.21419320,3.22475026,4.53391476
2026-08-31,2.23851246,2.63354910,3.24750630,2.21227067,3.21624164,4.52036053
2026-09-01,2.21514060,2.60443896,3.21392104,2.20540697,3.18116677,4.48930374
2026-09-02,2.22690164,2.62050597,3.23377955,2.20949507,3.20196076,4.50922234
2026-09-03,2.24544167,2.64227474,3.26220211,2.21532102,3.23023448,4.55642674
2026-09-04,2.24110858,2.64445690,3.26298634,2.21548079,3.23648311,4.53886519
2026-09-08,2.22837998,2.63152928,3.25118132,2.21307620,3.22175258,4.51393717
2026-09-09,2.22202323,2.62141646,3.22823039,2.20838940,3.20608797,4.49295748
2026-09-10,2.19853537,2.59029843,3.19971978,2.20253828,3.16844465,4.46558356
